2026-05-26T16:25:59.145+05:30  INFO 14988 --- [library-system] [main] c.l.l.LibrarySystemApplication           : Starting LibrarySystemApplication using Java 21.0.6 with PID 14988 (D:\Projects\LMS\lms-library\target\classes started by Mohamed Mubeen in D:\Projects\LMS\lms-library)
2026-05-26T16:25:59.148+05:30  INFO 14988 --- [library-system] [main] c.l.l.LibrarySystemApplication           : No active profile set, falling back to 1 default profile: "default"
2026-05-26T16:26:00.418+05:30  INFO 14988 --- [library-system] [main] .s.d.r.c.RepositoryConfigurationDelegate : Bootstrapping Spring Data JPA repositories in DEFAULT mode.
2026-05-26T16:26:00.514+05:30  INFO 14988 --- [library-system] [main] .s.d.r.c.RepositoryConfigurationDelegate : Finished Spring Data repository scanning in 83 ms. Found 2 JPA repository interfaces.
2026-05-26T16:26:01.346+05:30  INFO 14988 --- [library-system] [main] o.s.b.w.embedded.tomcat.TomcatWebServer  : Tomcat initialized with port 9999 (http)
2026-05-26T16:26:01.405+05:30  INFO 14988 --- [library-system] [main] o.apache.catalina.core.StandardService   : Starting service [Tomcat]
2026-05-26T16:26:01.415+05:30  INFO 14988 --- [library-system] [main] o.apache.catalina.core.StandardEngine    : Starting Servlet engine: [Apache Tomcat/10.1.40]
2026-05-26T16:26:01.561+05:30  INFO 14988 --- [library-system] [main] o.a.c.c.C.[Tomcat].[localhost].[/]       : Initializing Spring embedded WebApplicationContext
2026-05-26T16:26:01.562+05:30  INFO 14988 --- [library-system] [main] w.s.c.ServletWebServerApplicationContext : Root WebApplicationContext: initialization completed in 2331 ms
2026-05-26T16:26:01.867+05:30  INFO 14988 --- [library-system] [main] o.hibernate.jpa.internal.util.LogHelper  : HHH000204: Processing PersistenceUnitInfo [name: default]
2026-05-26T16:26:01.973+05:30  INFO 14988 --- [library-system] [main] org.hibernate.Version                    : HHH000412: Hibernate ORM core version 6.6.13.Final
2026-05-26T16:26:02.080+05:30  INFO 14988 --- [library-system] [main] o.h.c.internal.RegionFactoryInitiator    : HHH000026: Second-level cache disabled
2026-05-26T16:26:02.558+05:30  INFO 14988 --- [library-system] [main] o.s.o.j.p.SpringPersistenceUnitInfo      : No LoadTimeWeaver setup: ignoring JPA class transformer
2026-05-26T16:26:02.612+05:30  INFO 14988 --- [library-system] [main] com.zaxxer.hikari.HikariDataSource       : HikariPool-1 - Starting...
2026-05-26T16:26:04.035+05:30  INFO 14988 --- [library-system] [main] com.zaxxer.hikari.pool.HikariPool        : HikariPool-1 - Added connection com.mysql.cj.jdbc.ConnectionImpl@25fd6d1e
2026-05-26T16:26:04.041+05:30  INFO 14988 --- [library-system] [main] com.zaxxer.hikari.HikariDataSource       : HikariPool-1 - Start completed.
2026-05-26T16:26:04.507+05:30  INFO 14988 --- [library-system] [main] org.hibernate.orm.connections.pooling    : HHH10001005: Database info:
	Database JDBC URL [Connecting through datasource 'HikariDataSource (HikariPool-1)']
	Database driver: undefined/unknown
	Database version: 8.0.46
	Autocommit mode: undefined/unknown
	Isolation level: undefined/unknown
	Minimum pool size: undefined/unknown
	Maximum pool size: undefined/unknown
2026-05-26T16:26:05.960+05:30  INFO 14988 --- [library-system] [main] o.h.e.t.j.p.i.JtaPlatformInitiator       : HHH000489: No JTA platform available (set 'hibernate.transaction.jta.platform' to enable JTA platform integration)
2026-05-26T16:26:06.368+05:30  INFO 14988 --- [library-system] [main] j.LocalContainerEntityManagerFactoryBean : Initialized JPA EntityManagerFactory for persistence unit 'default'
2026-05-26T16:26:07.101+05:30  WARN 14988 --- [library-system] [main] JpaBaseConfiguration$JpaWebConfiguration : spring.jpa.open-in-view is enabled by default. Therefore, database queries may be performed during view rendering. Explicitly configure spring.jpa.open-in-view to disable this warning
2026-05-26T16:26:07.708+05:30  INFO 14988 --- [library-system] [main] o.s.b.w.embedded.tomcat.TomcatWebServer  : Tomcat started on port 9999 (http) with context path '/'
2026-05-26T16:26:07.726+05:30  INFO 14988 --- [library-system] [main] c.l.l.LibrarySystemApplication           : Started LibrarySystemApplication in 9.666 seconds (process running for 10.579)
2026-05-26T16:29:05.324+05:30  INFO 9484 --- [library-system] [main] c.l.l.LibrarySystemApplication           : Starting LibrarySystemApplication using Java 21.0.6 with PID 9484 (D:\Projects\LMS\lms-library\target\classes started by Mohamed Mubeen in D:\Projects\LMS\lms-library)
2026-05-26T16:29:05.332+05:30  INFO 9484 --- [library-system] [main] c.l.l.LibrarySystemApplication           : No active profile set, falling back to 1 default profile: "default"
2026-05-26T16:29:06.618+05:30  INFO 9484 --- [library-system] [main] .s.d.r.c.RepositoryConfigurationDelegate : Bootstrapping Spring Data JPA repositories in DEFAULT mode.
2026-05-26T16:29:06.710+05:30  INFO 9484 --- [library-system] [main] .s.d.r.c.RepositoryConfigurationDelegate : Finished Spring Data repository scanning in 75 ms. Found 2 JPA repository interfaces.
2026-05-26T16:29:07.627+05:30  INFO 9484 --- [library-system] [main] o.s.b.w.embedded.tomcat.TomcatWebServer  : Tomcat initialized with port 9999 (http)
2026-05-26T16:29:07.650+05:30  INFO 9484 --- [library-system] [main] o.apache.catalina.core.StandardService   : Starting service [Tomcat]
2026-05-26T16:29:07.651+05:30  INFO 9484 --- [library-system] [main] o.apache.catalina.core.StandardEngine    : Starting Servlet engine: [Apache Tomcat/10.1.40]
2026-05-26T16:29:07.763+05:30  INFO 9484 --- [library-system] [main] o.a.c.c.C.[Tomcat].[localhost].[/]       : Initializing Spring embedded WebApplicationContext
2026-05-26T16:29:07.764+05:30  INFO 9484 --- [library-system] [main] w.s.c.ServletWebServerApplicationContext : Root WebApplicationContext: initialization completed in 2374 ms
2026-05-26T16:29:08.060+05:30  INFO 9484 --- [library-system] [main] o.hibernate.jpa.internal.util.LogHelper  : HHH000204: Processing PersistenceUnitInfo [name: default]
2026-05-26T16:29:08.148+05:30  INFO 9484 --- [library-system] [main] org.hibernate.Version                    : HHH000412: Hibernate ORM core version 6.6.13.Final
2026-05-26T16:29:08.211+05:30  INFO 9484 --- [library-system] [main] o.h.c.internal.RegionFactoryInitiator    : HHH000026: Second-level cache disabled
2026-05-26T16:29:08.931+05:30  INFO 9484 --- [library-system] [main] o.s.o.j.p.SpringPersistenceUnitInfo      : No LoadTimeWeaver setup: ignoring JPA class transformer
2026-05-26T16:29:09.017+05:30  INFO 9484 --- [library-system] [main] com.zaxxer.hikari.HikariDataSource       : HikariPool-1 - Starting...
2026-05-26T16:29:09.727+05:30  INFO 9484 --- [library-system] [main] com.zaxxer.hikari.pool.HikariPool        : HikariPool-1 - Added connection com.mysql.cj.jdbc.ConnectionImpl@3d235635
2026-05-26T16:29:09.732+05:30  INFO 9484 --- [library-system] [main] com.zaxxer.hikari.HikariDataSource       : HikariPool-1 - Start completed.
2026-05-26T16:29:09.913+05:30  INFO 9484 --- [library-system] [main] org.hibernate.orm.connections.pooling    : HHH10001005: Database info:
	Database JDBC URL [Connecting through datasource 'HikariDataSource (HikariPool-1)']
	Database driver: undefined/unknown
	Database version: 8.0.46
	Autocommit mode: undefined/unknown
	Isolation level: undefined/unknown
	Minimum pool size: undefined/unknown
	Maximum pool size: undefined/unknown
2026-05-26T16:29:11.527+05:30  INFO 9484 --- [library-system] [main] o.h.e.t.j.p.i.JtaPlatformInitiator       : HHH000489: No JTA platform available (set 'hibernate.transaction.jta.platform' to enable JTA platform integration)
2026-05-26T16:29:11.630+05:30  INFO 9484 --- [library-system] [main] j.LocalContainerEntityManagerFactoryBean : Initialized JPA EntityManagerFactory for persistence unit 'default'
2026-05-26T16:29:12.227+05:30  WARN 9484 --- [library-system] [main] JpaBaseConfiguration$JpaWebConfiguration : spring.jpa.open-in-view is enabled by default. Therefore, database queries may be performed during view rendering. Explicitly configure spring.jpa.open-in-view to disable this warning
2026-05-26T16:29:12.778+05:30  WARN 9484 --- [library-system] [main] .s.s.UserDetailsServiceAutoConfiguration : 

Using generated security password: 7c0eed7e-2187-4c04-865b-e5123d840746

This generated password is for development use only. Your security configuration must be updated before running your application in production.

2026-05-26T16:29:12.807+05:30  INFO 9484 --- [library-system] [main] r$InitializeUserDetailsManagerConfigurer : Global AuthenticationManager configured with UserDetailsService bean with name inMemoryUserDetailsManager
2026-05-26T16:29:13.092+05:30  INFO 9484 --- [library-system] [main] o.s.b.w.embedded.tomcat.TomcatWebServer  : Tomcat started on port 9999 (http) with context path '/'
2026-05-26T16:29:13.108+05:30  INFO 9484 --- [library-system] [main] c.l.l.LibrarySystemApplication           : Started LibrarySystemApplication in 8.776 seconds (process running for 9.374)
2026-05-26T16:29:27.580+05:30  INFO 9484 --- [library-system] [http-nio-9999-exec-1] o.a.c.c.C.[Tomcat].[localhost].[/]       : Initializing Spring DispatcherServlet 'dispatcherServlet'
2026-05-26T16:29:27.581+05:30  INFO 9484 --- [library-system] [http-nio-9999-exec-1] o.s.web.servlet.DispatcherServlet        : Initializing Servlet 'dispatcherServlet'
2026-05-26T16:29:27.588+05:30  INFO 9484 --- [library-system] [http-nio-9999-exec-1] o.s.web.servlet.DispatcherServlet        : Completed initialization in 6 ms
2026-05-26T16:31:25.208+05:30  INFO 9484 --- [library-system] [http-nio-9999-exec-5] c.l.l.service.impl.AuthorServiceImpl     : getting all authors
2026-05-26T20:45:49.909+05:30  WARN 9484 --- [library-system] [HikariPool-1 housekeeper] com.zaxxer.hikari.pool.HikariPool        : HikariPool-1 - Thread starvation or clock leap detected (housekeeper delta=3h36m9s456ms627µs800ns).
2026-05-26T20:56:50.766+05:30  INFO 4292 --- [library-system] [main] c.l.l.LibrarySystemApplication           : Starting LibrarySystemApplication using Java 21.0.6 with PID 4292 (D:\Projects\LMS\lms-library\target\classes started by Mohamed Mubeen in D:\Projects\LMS\lms-library)
2026-05-26T20:56:50.773+05:30  INFO 4292 --- [library-system] [main] c.l.l.LibrarySystemApplication           : No active profile set, falling back to 1 default profile: "default"
2026-05-26T20:56:51.915+05:30  INFO 4292 --- [library-system] [main] .s.d.r.c.RepositoryConfigurationDelegate : Bootstrapping Spring Data JPA repositories in DEFAULT mode.
2026-05-26T20:56:52.009+05:30  INFO 4292 --- [library-system] [main] .s.d.r.c.RepositoryConfigurationDelegate : Finished Spring Data repository scanning in 72 ms. Found 2 JPA repository interfaces.
2026-05-26T20:56:53.084+05:30  INFO 4292 --- [library-system] [main] o.s.b.w.embedded.tomcat.TomcatWebServer  : Tomcat initialized with port 9999 (http)
2026-05-26T20:56:53.108+05:30  INFO 4292 --- [library-system] [main] o.apache.catalina.core.StandardService   : Starting service [Tomcat]
2026-05-26T20:56:53.109+05:30  INFO 4292 --- [library-system] [main] o.apache.catalina.core.StandardEngine    : Starting Servlet engine: [Apache Tomcat/10.1.40]
2026-05-26T20:56:53.210+05:30  INFO 4292 --- [library-system] [main] o.a.c.c.C.[Tomcat].[localhost].[/]       : Initializing Spring embedded WebApplicationContext
2026-05-26T20:56:53.212+05:30  INFO 4292 --- [library-system] [main] w.s.c.ServletWebServerApplicationContext : Root WebApplicationContext: initialization completed in 2373 ms
2026-05-26T20:56:53.489+05:30  INFO 4292 --- [library-system] [main] o.hibernate.jpa.internal.util.LogHelper  : HHH000204: Processing PersistenceUnitInfo [name: default]
2026-05-26T20:56:53.619+05:30  INFO 4292 --- [library-system] [main] org.hibernate.Version                    : HHH000412: Hibernate ORM core version 6.6.13.Final
2026-05-26T20:56:53.690+05:30  INFO 4292 --- [library-system] [main] o.h.c.internal.RegionFactoryInitiator    : HHH000026: Second-level cache disabled
2026-05-26T20:56:54.281+05:30  INFO 4292 --- [library-system] [main] o.s.o.j.p.SpringPersistenceUnitInfo      : No LoadTimeWeaver setup: ignoring JPA class transformer
2026-05-26T20:56:54.329+05:30  INFO 4292 --- [library-system] [main] com.zaxxer.hikari.HikariDataSource       : HikariPool-1 - Starting...
2026-05-26T20:56:55.024+05:30  INFO 4292 --- [library-system] [main] com.zaxxer.hikari.pool.HikariPool        : HikariPool-1 - Added connection com.mysql.cj.jdbc.ConnectionImpl@5fa0141f
2026-05-26T20:56:55.028+05:30  INFO 4292 --- [library-system] [main] com.zaxxer.hikari.HikariDataSource       : HikariPool-1 - Start completed.
2026-05-26T20:56:55.178+05:30  INFO 4292 --- [library-system] [main] org.hibernate.orm.connections.pooling    : HHH10001005: Database info:
	Database JDBC URL [Connecting through datasource 'HikariDataSource (HikariPool-1)']
	Database driver: undefined/unknown
	Database version: 8.0.46
	Autocommit mode: undefined/unknown
	Isolation level: undefined/unknown
	Minimum pool size: undefined/unknown
	Maximum pool size: undefined/unknown
2026-05-26T20:56:56.693+05:30  INFO 4292 --- [library-system] [main] o.h.e.t.j.p.i.JtaPlatformInitiator       : HHH000489: No JTA platform available (set 'hibernate.transaction.jta.platform' to enable JTA platform integration)
2026-05-26T20:56:56.816+05:30  INFO 4292 --- [library-system] [main] j.LocalContainerEntityManagerFactoryBean : Initialized JPA EntityManagerFactory for persistence unit 'default'
2026-05-26T20:56:57.461+05:30  WARN 4292 --- [library-system] [main] JpaBaseConfiguration$JpaWebConfiguration : spring.jpa.open-in-view is enabled by default. Therefore, database queries may be performed during view rendering. Explicitly configure spring.jpa.open-in-view to disable this warning
2026-05-26T20:56:58.257+05:30  WARN 4292 --- [library-system] [main] .s.s.UserDetailsServiceAutoConfiguration : 

Using generated security password: cfda000a-d932-4f78-8143-8db4746e46af

This generated password is for development use only. Your security configuration must be updated before running your application in production.

2026-05-26T20:56:58.291+05:30  INFO 4292 --- [library-system] [main] r$InitializeUserDetailsManagerConfigurer : Global AuthenticationManager configured with UserDetailsService bean with name inMemoryUserDetailsManager
2026-05-26T20:56:58.605+05:30  INFO 4292 --- [library-system] [main] o.s.b.w.embedded.tomcat.TomcatWebServer  : Tomcat started on port 9999 (http) with context path '/'
2026-05-26T20:56:58.618+05:30  INFO 4292 --- [library-system] [main] c.l.l.LibrarySystemApplication           : Started LibrarySystemApplication in 8.733 seconds (process running for 9.226)
2026-05-26T21:35:00.007+05:30  INFO 14788 --- [library-system] [main] c.l.l.LibrarySystemApplication           : Starting LibrarySystemApplication using Java 21.0.6 with PID 14788 (D:\Projects\LMS\lms-library\target\classes started by Mohamed Mubeen in D:\Projects\LMS\lms-library)
2026-05-26T21:35:00.010+05:30  INFO 14788 --- [library-system] [main] c.l.l.LibrarySystemApplication           : No active profile set, falling back to 1 default profile: "default"
2026-05-26T21:35:01.350+05:30  INFO 14788 --- [library-system] [main] .s.d.r.c.RepositoryConfigurationDelegate : Bootstrapping Spring Data JPA repositories in DEFAULT mode.
2026-05-26T21:35:01.445+05:30  INFO 14788 --- [library-system] [main] .s.d.r.c.RepositoryConfigurationDelegate : Finished Spring Data repository scanning in 79 ms. Found 2 JPA repository interfaces.
2026-05-26T21:35:02.427+05:30  INFO 14788 --- [library-system] [main] o.s.b.w.embedded.tomcat.TomcatWebServer  : Tomcat initialized with port 9999 (http)
2026-05-26T21:35:02.448+05:30  INFO 14788 --- [library-system] [main] o.apache.catalina.core.StandardService   : Starting service [Tomcat]
2026-05-26T21:35:02.448+05:30  INFO 14788 --- [library-system] [main] o.apache.catalina.core.StandardEngine    : Starting Servlet engine: [Apache Tomcat/10.1.40]
2026-05-26T21:35:02.567+05:30  INFO 14788 --- [library-system] [main] o.a.c.c.C.[Tomcat].[localhost].[/]       : Initializing Spring embedded WebApplicationContext
2026-05-26T21:35:02.569+05:30  INFO 14788 --- [library-system] [main] w.s.c.ServletWebServerApplicationContext : Root WebApplicationContext: initialization completed in 2485 ms
2026-05-26T21:35:02.900+05:30  INFO 14788 --- [library-system] [main] o.hibernate.jpa.internal.util.LogHelper  : HHH000204: Processing PersistenceUnitInfo [name: default]
2026-05-26T21:35:03.011+05:30  INFO 14788 --- [library-system] [main] org.hibernate.Version                    : HHH000412: Hibernate ORM core version 6.6.13.Final
2026-05-26T21:35:03.061+05:30  INFO 14788 --- [library-system] [main] o.h.c.internal.RegionFactoryInitiator    : HHH000026: Second-level cache disabled
2026-05-26T21:35:03.560+05:30  INFO 14788 --- [library-system] [main] o.s.o.j.p.SpringPersistenceUnitInfo      : No LoadTimeWeaver setup: ignoring JPA class transformer
2026-05-26T21:35:03.608+05:30  INFO 14788 --- [library-system] [main] com.zaxxer.hikari.HikariDataSource       : HikariPool-1 - Starting...
2026-05-26T21:35:04.377+05:30  INFO 14788 --- [library-system] [main] com.zaxxer.hikari.pool.HikariPool        : HikariPool-1 - Added connection com.mysql.cj.jdbc.ConnectionImpl@d85b399
2026-05-26T21:35:04.380+05:30  INFO 14788 --- [library-system] [main] com.zaxxer.hikari.HikariDataSource       : HikariPool-1 - Start completed.
2026-05-26T21:35:04.515+05:30  INFO 14788 --- [library-system] [main] org.hibernate.orm.connections.pooling    : HHH10001005: Database info:
	Database JDBC URL [Connecting through datasource 'HikariDataSource (HikariPool-1)']
	Database driver: undefined/unknown
	Database version: 8.0.46
	Autocommit mode: undefined/unknown
	Isolation level: undefined/unknown
	Minimum pool size: undefined/unknown
	Maximum pool size: undefined/unknown
2026-05-26T21:35:05.942+05:30  INFO 14788 --- [library-system] [main] o.h.e.t.j.p.i.JtaPlatformInitiator       : HHH000489: No JTA platform available (set 'hibernate.transaction.jta.platform' to enable JTA platform integration)
2026-05-26T21:35:06.059+05:30  INFO 14788 --- [library-system] [main] j.LocalContainerEntityManagerFactoryBean : Initialized JPA EntityManagerFactory for persistence unit 'default'
2026-05-26T21:35:06.079+05:30  WARN 14788 --- [library-system] [main] ConfigServletWebServerApplicationContext : Exception encountered during context initialization - cancelling refresh attempt: org.springframework.beans.factory.UnsatisfiedDependencyException: Error creating bean with name 'authController': Unsatisfied dependency expressed through field 'jwtUtil': No qualifying bean of type 'com.lms.library_system.security.JwtUtil' available: expected at least 1 bean which qualifies as autowire candidate. Dependency annotations: {@org.springframework.beans.factory.annotation.Autowired(required=true)}
2026-05-26T21:35:06.080+05:30  INFO 14788 --- [library-system] [main] j.LocalContainerEntityManagerFactoryBean : Closing JPA EntityManagerFactory for persistence unit 'default'
2026-05-26T21:35:06.087+05:30  INFO 14788 --- [library-system] [main] com.zaxxer.hikari.HikariDataSource       : HikariPool-1 - Shutdown initiated...
2026-05-26T21:35:06.114+05:30  INFO 14788 --- [library-system] [main] com.zaxxer.hikari.HikariDataSource       : HikariPool-1 - Shutdown completed.
2026-05-26T21:35:06.118+05:30  INFO 14788 --- [library-system] [main] o.apache.catalina.core.StandardService   : Stopping service [Tomcat]
2026-05-26T21:35:06.144+05:30  INFO 14788 --- [library-system] [main] .s.b.a.l.ConditionEvaluationReportLogger : 

Error starting ApplicationContext. To display the condition evaluation report re-run your application with 'debug' enabled.
2026-05-26T21:35:06.207+05:30 ERROR 14788 --- [library-system] [main] o.s.b.d.LoggingFailureAnalysisReporter   : 

***************************
APPLICATION FAILED TO START
***************************

Description:

Field jwtUtil in com.lms.library_system.controller.AuthController required a bean of type 'com.lms.library_system.security.JwtUtil' that could not be found.

The injection point has the following annotations:
	- @org.springframework.beans.factory.annotation.Autowired(required=true)


Action:

Consider defining a bean of type 'com.lms.library_system.security.JwtUtil' in your configuration.

2026-05-26T21:37:39.640+05:30  INFO 968 --- [library-system] [main] c.l.l.LibrarySystemApplication           : Starting LibrarySystemApplication using Java 21.0.6 with PID 968 (D:\Projects\LMS\lms-library\target\classes started by Mohamed Mubeen in D:\Projects\LMS\lms-library)
2026-05-26T21:37:39.643+05:30  INFO 968 --- [library-system] [main] c.l.l.LibrarySystemApplication           : No active profile set, falling back to 1 default profile: "default"
2026-05-26T21:37:40.727+05:30  INFO 968 --- [library-system] [main] .s.d.r.c.RepositoryConfigurationDelegate : Bootstrapping Spring Data JPA repositories in DEFAULT mode.
2026-05-26T21:37:40.815+05:30  INFO 968 --- [library-system] [main] .s.d.r.c.RepositoryConfigurationDelegate : Finished Spring Data repository scanning in 72 ms. Found 2 JPA repository interfaces.
2026-05-26T21:37:41.672+05:30  INFO 968 --- [library-system] [main] o.s.b.w.embedded.tomcat.TomcatWebServer  : Tomcat initialized with port 9999 (http)
2026-05-26T21:37:41.696+05:30  INFO 968 --- [library-system] [main] o.apache.catalina.core.StandardService   : Starting service [Tomcat]
2026-05-26T21:37:41.696+05:30  INFO 968 --- [library-system] [main] o.apache.catalina.core.StandardEngine    : Starting Servlet engine: [Apache Tomcat/10.1.40]
2026-05-26T21:37:41.792+05:30  INFO 968 --- [library-system] [main] o.a.c.c.C.[Tomcat].[localhost].[/]       : Initializing Spring embedded WebApplicationContext
2026-05-26T21:37:41.794+05:30  INFO 968 --- [library-system] [main] w.s.c.ServletWebServerApplicationContext : Root WebApplicationContext: initialization completed in 2086 ms
2026-05-26T21:37:42.078+05:30  INFO 968 --- [library-system] [main] o.hibernate.jpa.internal.util.LogHelper  : HHH000204: Processing PersistenceUnitInfo [name: default]
2026-05-26T21:37:42.161+05:30  INFO 968 --- [library-system] [main] org.hibernate.Version                    : HHH000412: Hibernate ORM core version 6.6.13.Final
2026-05-26T21:37:42.213+05:30  INFO 968 --- [library-system] [main] o.h.c.internal.RegionFactoryInitiator    : HHH000026: Second-level cache disabled
2026-05-26T21:37:42.673+05:30  INFO 968 --- [library-system] [main] o.s.o.j.p.SpringPersistenceUnitInfo      : No LoadTimeWeaver setup: ignoring JPA class transformer
2026-05-26T21:37:42.717+05:30  INFO 968 --- [library-system] [main] com.zaxxer.hikari.HikariDataSource       : HikariPool-1 - Starting...
2026-05-26T21:37:43.203+05:30  INFO 968 --- [library-system] [main] com.zaxxer.hikari.pool.HikariPool        : HikariPool-1 - Added connection com.mysql.cj.jdbc.ConnectionImpl@432c0f1
2026-05-26T21:37:43.206+05:30  INFO 968 --- [library-system] [main] com.zaxxer.hikari.HikariDataSource       : HikariPool-1 - Start completed.
2026-05-26T21:37:43.329+05:30  INFO 968 --- [library-system] [main] org.hibernate.orm.connections.pooling    : HHH10001005: Database info:
	Database JDBC URL [Connecting through datasource 'HikariDataSource (HikariPool-1)']
	Database driver: undefined/unknown
	Database version: 8.0.46
	Autocommit mode: undefined/unknown
	Isolation level: undefined/unknown
	Minimum pool size: undefined/unknown
	Maximum pool size: undefined/unknown
2026-05-26T21:37:44.790+05:30  INFO 968 --- [library-system] [main] o.h.e.t.j.p.i.JtaPlatformInitiator       : HHH000489: No JTA platform available (set 'hibernate.transaction.jta.platform' to enable JTA platform integration)
2026-05-26T21:37:44.981+05:30  INFO 968 --- [library-system] [main] j.LocalContainerEntityManagerFactoryBean : Initialized JPA EntityManagerFactory for persistence unit 'default'
2026-05-26T21:37:45.585+05:30  WARN 968 --- [library-system] [main] JpaBaseConfiguration$JpaWebConfiguration : spring.jpa.open-in-view is enabled by default. Therefore, database queries may be performed during view rendering. Explicitly configure spring.jpa.open-in-view to disable this warning
2026-05-26T21:37:46.187+05:30  WARN 968 --- [library-system] [main] .s.s.UserDetailsServiceAutoConfiguration : 

Using generated security password: 77657ac2-11f0-47ea-afcf-2e6fcc4b992d

This generated password is for development use only. Your security configuration must be updated before running your application in production.

2026-05-26T21:37:46.214+05:30  INFO 968 --- [library-system] [main] r$InitializeUserDetailsManagerConfigurer : Global AuthenticationManager configured with UserDetailsService bean with name inMemoryUserDetailsManager
2026-05-26T21:37:46.491+05:30  INFO 968 --- [library-system] [main] o.s.b.w.embedded.tomcat.TomcatWebServer  : Tomcat started on port 9999 (http) with context path '/'
2026-05-26T21:37:46.509+05:30  INFO 968 --- [library-system] [main] c.l.l.LibrarySystemApplication           : Started LibrarySystemApplication in 7.542 seconds (process running for 8.058)
2026-05-26T21:38:46.458+05:30  INFO 968 --- [library-system] [http-nio-9999-exec-2] o.a.c.c.C.[Tomcat].[localhost].[/]       : Initializing Spring DispatcherServlet 'dispatcherServlet'
2026-05-26T21:38:46.460+05:30  INFO 968 --- [library-system] [http-nio-9999-exec-2] o.s.web.servlet.DispatcherServlet        : Initializing Servlet 'dispatcherServlet'
2026-05-26T21:38:46.470+05:30  INFO 968 --- [library-system] [http-nio-9999-exec-2] o.s.web.servlet.DispatcherServlet        : Completed initialization in 4 ms
2026-05-26T21:39:33.883+05:30  INFO 7344 --- [library-system] [main] c.l.l.LibrarySystemApplication           : Starting LibrarySystemApplication using Java 21.0.6 with PID 7344 (D:\Projects\LMS\lms-library\target\classes started by Mohamed Mubeen in D:\Projects\LMS\lms-library)
2026-05-26T21:39:33.890+05:30  INFO 7344 --- [library-system] [main] c.l.l.LibrarySystemApplication           : No active profile set, falling back to 1 default profile: "default"
2026-05-26T21:39:35.175+05:30  INFO 7344 --- [library-system] [main] .s.d.r.c.RepositoryConfigurationDelegate : Bootstrapping Spring Data JPA repositories in DEFAULT mode.
2026-05-26T21:39:35.260+05:30  INFO 7344 --- [library-system] [main] .s.d.r.c.RepositoryConfigurationDelegate : Finished Spring Data repository scanning in 69 ms. Found 2 JPA repository interfaces.
2026-05-26T21:39:36.046+05:30  INFO 7344 --- [library-system] [main] o.s.b.w.embedded.tomcat.TomcatWebServer  : Tomcat initialized with port 9999 (http)
2026-05-26T21:39:36.068+05:30  INFO 7344 --- [library-system] [main] o.apache.catalina.core.StandardService   : Starting service [Tomcat]
2026-05-26T21:39:36.069+05:30  INFO 7344 --- [library-system] [main] o.apache.catalina.core.StandardEngine    : Starting Servlet engine: [Apache Tomcat/10.1.40]
2026-05-26T21:39:36.221+05:30  INFO 7344 --- [library-system] [main] o.a.c.c.C.[Tomcat].[localhost].[/]       : Initializing Spring embedded WebApplicationContext
2026-05-26T21:39:36.223+05:30  INFO 7344 --- [library-system] [main] w.s.c.ServletWebServerApplicationContext : Root WebApplicationContext: initialization completed in 2276 ms
2026-05-26T21:39:36.476+05:30  INFO 7344 --- [library-system] [main] o.hibernate.jpa.internal.util.LogHelper  : HHH000204: Processing PersistenceUnitInfo [name: default]
2026-05-26T21:39:36.544+05:30  INFO 7344 --- [library-system] [main] org.hibernate.Version                    : HHH000412: Hibernate ORM core version 6.6.13.Final
2026-05-26T21:39:36.594+05:30  INFO 7344 --- [library-system] [main] o.h.c.internal.RegionFactoryInitiator    : HHH000026: Second-level cache disabled
2026-05-26T21:39:37.004+05:30  INFO 7344 --- [library-system] [main] o.s.o.j.p.SpringPersistenceUnitInfo      : No LoadTimeWeaver setup: ignoring JPA class transformer
2026-05-26T21:39:37.061+05:30  INFO 7344 --- [library-system] [main] com.zaxxer.hikari.HikariDataSource       : HikariPool-1 - Starting...
2026-05-26T21:39:37.578+05:30  INFO 7344 --- [library-system] [main] com.zaxxer.hikari.pool.HikariPool        : HikariPool-1 - Added connection com.mysql.cj.jdbc.ConnectionImpl@67a0ff25
2026-05-26T21:39:37.582+05:30  INFO 7344 --- [library-system] [main] com.zaxxer.hikari.HikariDataSource       : HikariPool-1 - Start completed.
2026-05-26T21:39:37.729+05:30  INFO 7344 --- [library-system] [main] org.hibernate.orm.connections.pooling    : HHH10001005: Database info:
	Database JDBC URL [Connecting through datasource 'HikariDataSource (HikariPool-1)']
	Database driver: undefined/unknown
	Database version: 8.0.46
	Autocommit mode: undefined/unknown
	Isolation level: undefined/unknown
	Minimum pool size: undefined/unknown
	Maximum pool size: undefined/unknown
2026-05-26T21:39:39.142+05:30  INFO 7344 --- [library-system] [main] o.h.e.t.j.p.i.JtaPlatformInitiator       : HHH000489: No JTA platform available (set 'hibernate.transaction.jta.platform' to enable JTA platform integration)
2026-05-26T21:39:39.340+05:30  INFO 7344 --- [library-system] [main] j.LocalContainerEntityManagerFactoryBean : Initialized JPA EntityManagerFactory for persistence unit 'default'
2026-05-26T21:39:39.881+05:30  WARN 7344 --- [library-system] [main] JpaBaseConfiguration$JpaWebConfiguration : spring.jpa.open-in-view is enabled by default. Therefore, database queries may be performed during view rendering. Explicitly configure spring.jpa.open-in-view to disable this warning
2026-05-26T21:39:40.400+05:30  WARN 7344 --- [library-system] [main] .s.s.UserDetailsServiceAutoConfiguration : 

Using generated security password: 2799e8ec-8f83-459a-b045-8d38f26335c0

This generated password is for development use only. Your security configuration must be updated before running your application in production.

2026-05-26T21:39:40.424+05:30  INFO 7344 --- [library-system] [main] r$InitializeUserDetailsManagerConfigurer : Global AuthenticationManager configured with UserDetailsService bean with name inMemoryUserDetailsManager
2026-05-26T21:39:40.683+05:30  INFO 7344 --- [library-system] [main] o.s.b.w.embedded.tomcat.TomcatWebServer  : Tomcat started on port 9999 (http) with context path '/'
2026-05-26T21:39:40.699+05:30  INFO 7344 --- [library-system] [main] c.l.l.LibrarySystemApplication           : Started LibrarySystemApplication in 7.569 seconds (process running for 8.05)
2026-05-26T21:40:56.093+05:30  INFO 17500 --- [library-system] [main] c.l.l.LibrarySystemApplication           : Starting LibrarySystemApplication using Java 21.0.6 with PID 17500 (D:\Projects\LMS\lms-library\target\classes started by Mohamed Mubeen in D:\Projects\LMS\lms-library)
2026-05-26T21:40:56.099+05:30  INFO 17500 --- [library-system] [main] c.l.l.LibrarySystemApplication           : No active profile set, falling back to 1 default profile: "default"
2026-05-26T21:40:57.287+05:30  INFO 17500 --- [library-system] [main] .s.d.r.c.RepositoryConfigurationDelegate : Bootstrapping Spring Data JPA repositories in DEFAULT mode.
2026-05-26T21:40:57.383+05:30  INFO 17500 --- [library-system] [main] .s.d.r.c.RepositoryConfigurationDelegate : Finished Spring Data repository scanning in 81 ms. Found 2 JPA repository interfaces.
2026-05-26T21:40:58.341+05:30  INFO 17500 --- [library-system] [main] o.s.b.w.embedded.tomcat.TomcatWebServer  : Tomcat initialized with port 9999 (http)
2026-05-26T21:40:58.382+05:30  INFO 17500 --- [library-system] [main] o.apache.catalina.core.StandardService   : Starting service [Tomcat]
2026-05-26T21:40:58.383+05:30  INFO 17500 --- [library-system] [main] o.apache.catalina.core.StandardEngine    : Starting Servlet engine: [Apache Tomcat/10.1.40]
2026-05-26T21:40:58.536+05:30  INFO 17500 --- [library-system] [main] o.a.c.c.C.[Tomcat].[localhost].[/]       : Initializing Spring embedded WebApplicationContext
2026-05-26T21:40:58.537+05:30  INFO 17500 --- [library-system] [main] w.s.c.ServletWebServerApplicationContext : Root WebApplicationContext: initialization completed in 2378 ms
2026-05-26T21:40:58.822+05:30  INFO 17500 --- [library-system] [main] o.hibernate.jpa.internal.util.LogHelper  : HHH000204: Processing PersistenceUnitInfo [name: default]
2026-05-26T21:40:58.896+05:30  INFO 17500 --- [library-system] [main] org.hibernate.Version                    : HHH000412: Hibernate ORM core version 6.6.13.Final
2026-05-26T21:40:58.948+05:30  INFO 17500 --- [library-system] [main] o.h.c.internal.RegionFactoryInitiator    : HHH000026: Second-level cache disabled
2026-05-26T21:40:59.354+05:30  INFO 17500 --- [library-system] [main] o.s.o.j.p.SpringPersistenceUnitInfo      : No LoadTimeWeaver setup: ignoring JPA class transformer
2026-05-26T21:40:59.398+05:30  INFO 17500 --- [library-system] [main] com.zaxxer.hikari.HikariDataSource       : HikariPool-1 - Starting...
2026-05-26T21:40:59.866+05:30  INFO 17500 --- [library-system] [main] com.zaxxer.hikari.pool.HikariPool        : HikariPool-1 - Added connection com.mysql.cj.jdbc.ConnectionImpl@1d55dd21
2026-05-26T21:40:59.872+05:30  INFO 17500 --- [library-system] [main] com.zaxxer.hikari.HikariDataSource       : HikariPool-1 - Start completed.
2026-05-26T21:41:00.020+05:30  INFO 17500 --- [library-system] [main] org.hibernate.orm.connections.pooling    : HHH10001005: Database info:
	Database JDBC URL [Connecting through datasource 'HikariDataSource (HikariPool-1)']
	Database driver: undefined/unknown
	Database version: 8.0.46
	Autocommit mode: undefined/unknown
	Isolation level: undefined/unknown
	Minimum pool size: undefined/unknown
	Maximum pool size: undefined/unknown
2026-05-26T21:41:01.415+05:30  INFO 17500 --- [library-system] [main] o.h.e.t.j.p.i.JtaPlatformInitiator       : HHH000489: No JTA platform available (set 'hibernate.transaction.jta.platform' to enable JTA platform integration)
2026-05-26T21:41:01.594+05:30  INFO 17500 --- [library-system] [main] j.LocalContainerEntityManagerFactoryBean : Initialized JPA EntityManagerFactory for persistence unit 'default'
2026-05-26T21:41:02.208+05:30  WARN 17500 --- [library-system] [main] JpaBaseConfiguration$JpaWebConfiguration : spring.jpa.open-in-view is enabled by default. Therefore, database queries may be performed during view rendering. Explicitly configure spring.jpa.open-in-view to disable this warning
2026-05-26T21:41:02.738+05:30  WARN 17500 --- [library-system] [main] .s.s.UserDetailsServiceAutoConfiguration : 

Using generated security password: 2eb663dd-43af-4f28-95db-7f3d5ec42d2b

This generated password is for development use only. Your security configuration must be updated before running your application in production.

2026-05-26T21:41:02.763+05:30  INFO 17500 --- [library-system] [main] r$InitializeUserDetailsManagerConfigurer : Global AuthenticationManager configured with UserDetailsService bean with name inMemoryUserDetailsManager
2026-05-26T21:41:03.065+05:30  INFO 17500 --- [library-system] [main] o.s.b.w.embedded.tomcat.TomcatWebServer  : Tomcat started on port 9999 (http) with context path '/'
2026-05-26T21:41:03.079+05:30  INFO 17500 --- [library-system] [main] c.l.l.LibrarySystemApplication           : Started LibrarySystemApplication in 7.694 seconds (process running for 8.282)
2026-05-26T21:41:19.230+05:30  INFO 17500 --- [library-system] [http-nio-9999-exec-2] o.a.c.c.C.[Tomcat].[localhost].[/]       : Initializing Spring DispatcherServlet 'dispatcherServlet'
2026-05-26T21:41:19.234+05:30  INFO 17500 --- [library-system] [http-nio-9999-exec-2] o.s.web.servlet.DispatcherServlet        : Initializing Servlet 'dispatcherServlet'
2026-05-26T21:41:19.240+05:30  INFO 17500 --- [library-system] [http-nio-9999-exec-2] o.s.web.servlet.DispatcherServlet        : Completed initialization in 6 ms
2026-05-26T21:41:41.401+05:30  WARN 17500 --- [library-system] [http-nio-9999-exec-3] .w.s.m.s.DefaultHandlerExceptionResolver : Resolved [org.springframework.web.HttpRequestMethodNotSupportedException: Request method 'GET' is not supported]
2026-05-26T22:10:27.213+05:30  WARN 17500 --- [library-system] [HikariPool-1 housekeeper] com.zaxxer.hikari.pool.HikariPool        : HikariPool-1 - Thread starvation or clock leap detected (housekeeper delta=28m27s227ms338µs700ns).
2026-05-26T22:12:01.329+05:30  INFO 5212 --- [library-system] [main] c.l.l.LibrarySystemApplication           : Starting LibrarySystemApplication using Java 21.0.6 with PID 5212 (D:\Projects\LMS\lms-library\target\classes started by Mohamed Mubeen in D:\Projects\LMS\lms-library)
2026-05-26T22:12:01.333+05:30  INFO 5212 --- [library-system] [main] c.l.l.LibrarySystemApplication           : No active profile set, falling back to 1 default profile: "default"
2026-05-26T22:12:02.633+05:30  INFO 5212 --- [library-system] [main] .s.d.r.c.RepositoryConfigurationDelegate : Bootstrapping Spring Data JPA repositories in DEFAULT mode.
2026-05-26T22:12:02.727+05:30  INFO 5212 --- [library-system] [main] .s.d.r.c.RepositoryConfigurationDelegate : Finished Spring Data repository scanning in 77 ms. Found 2 JPA repository interfaces.
2026-05-26T22:12:03.560+05:30  INFO 5212 --- [library-system] [main] o.s.b.w.embedded.tomcat.TomcatWebServer  : Tomcat initialized with port 9999 (http)
2026-05-26T22:12:03.583+05:30  INFO 5212 --- [library-system] [main] o.apache.catalina.core.StandardService   : Starting service [Tomcat]
2026-05-26T22:12:03.583+05:30  INFO 5212 --- [library-system] [main] o.apache.catalina.core.StandardEngine    : Starting Servlet engine: [Apache Tomcat/10.1.40]
2026-05-26T22:12:03.675+05:30  INFO 5212 --- [library-system] [main] o.a.c.c.C.[Tomcat].[localhost].[/]       : Initializing Spring embedded WebApplicationContext
2026-05-26T22:12:03.676+05:30  INFO 5212 --- [library-system] [main] w.s.c.ServletWebServerApplicationContext : Root WebApplicationContext: initialization completed in 2286 ms
2026-05-26T22:12:03.938+05:30  INFO 5212 --- [library-system] [main] o.hibernate.jpa.internal.util.LogHelper  : HHH000204: Processing PersistenceUnitInfo [name: default]
2026-05-26T22:12:04.039+05:30  INFO 5212 --- [library-system] [main] org.hibernate.Version                    : HHH000412: Hibernate ORM core version 6.6.13.Final
2026-05-26T22:12:04.104+05:30  INFO 5212 --- [library-system] [main] o.h.c.internal.RegionFactoryInitiator    : HHH000026: Second-level cache disabled
2026-05-26T22:12:04.518+05:30  INFO 5212 --- [library-system] [main] o.s.o.j.p.SpringPersistenceUnitInfo      : No LoadTimeWeaver setup: ignoring JPA class transformer
2026-05-26T22:12:04.570+05:30  INFO 5212 --- [library-system] [main] com.zaxxer.hikari.HikariDataSource       : HikariPool-1 - Starting...
2026-05-26T22:12:05.312+05:30  INFO 5212 --- [library-system] [main] com.zaxxer.hikari.pool.HikariPool        : HikariPool-1 - Added connection com.mysql.cj.jdbc.ConnectionImpl@432c0f1
2026-05-26T22:12:05.316+05:30  INFO 5212 --- [library-system] [main] com.zaxxer.hikari.HikariDataSource       : HikariPool-1 - Start completed.
2026-05-26T22:12:05.447+05:30  INFO 5212 --- [library-system] [main] org.hibernate.orm.connections.pooling    : HHH10001005: Database info:
	Database JDBC URL [Connecting through datasource 'HikariDataSource (HikariPool-1)']
	Database driver: undefined/unknown
	Database version: 8.0.46
	Autocommit mode: undefined/unknown
	Isolation level: undefined/unknown
	Minimum pool size: undefined/unknown
	Maximum pool size: undefined/unknown
2026-05-26T22:12:06.921+05:30  INFO 5212 --- [library-system] [main] o.h.e.t.j.p.i.JtaPlatformInitiator       : HHH000489: No JTA platform available (set 'hibernate.transaction.jta.platform' to enable JTA platform integration)
2026-05-26T22:12:07.063+05:30  INFO 5212 --- [library-system] [main] j.LocalContainerEntityManagerFactoryBean : Initialized JPA EntityManagerFactory for persistence unit 'default'
2026-05-26T22:12:07.729+05:30  WARN 5212 --- [library-system] [main] JpaBaseConfiguration$JpaWebConfiguration : spring.jpa.open-in-view is enabled by default. Therefore, database queries may be performed during view rendering. Explicitly configure spring.jpa.open-in-view to disable this warning
2026-05-26T22:12:08.308+05:30  WARN 5212 --- [library-system] [main] .s.s.UserDetailsServiceAutoConfiguration : 

Using generated security password: b37ec1ce-6d79-43c4-9523-f6dc7ff07b35

This generated password is for development use only. Your security configuration must be updated before running your application in production.

2026-05-26T22:12:08.369+05:30  INFO 5212 --- [library-system] [main] r$InitializeUserDetailsManagerConfigurer : Global AuthenticationManager configured with UserDetailsService bean with name inMemoryUserDetailsManager
2026-05-26T22:12:08.695+05:30  INFO 5212 --- [library-system] [main] o.s.b.w.embedded.tomcat.TomcatWebServer  : Tomcat started on port 9999 (http) with context path '/'
2026-05-26T22:12:08.710+05:30  INFO 5212 --- [library-system] [main] c.l.l.LibrarySystemApplication           : Started LibrarySystemApplication in 8.055 seconds (process running for 8.599)
2026-05-26T22:12:33.299+05:30  INFO 5212 --- [library-system] [http-nio-9999-exec-1] o.a.c.c.C.[Tomcat].[localhost].[/]       : Initializing Spring DispatcherServlet 'dispatcherServlet'
2026-05-26T22:12:33.300+05:30  INFO 5212 --- [library-system] [http-nio-9999-exec-1] o.s.web.servlet.DispatcherServlet        : Initializing Servlet 'dispatcherServlet'
2026-05-26T22:12:33.305+05:30  INFO 5212 --- [library-system] [http-nio-9999-exec-1] o.s.web.servlet.DispatcherServlet        : Completed initialization in 4 ms
2026-05-26T22:16:14.565+05:30  INFO 10352 --- [library-system] [main] c.l.l.LibrarySystemApplication           : Starting LibrarySystemApplication using Java 21.0.6 with PID 10352 (D:\Projects\LMS\lms-library\target\classes started by Mohamed Mubeen in D:\Projects\LMS\lms-library)
2026-05-26T22:16:14.568+05:30  INFO 10352 --- [library-system] [main] c.l.l.LibrarySystemApplication           : No active profile set, falling back to 1 default profile: "default"
2026-05-26T22:16:16.010+05:30  INFO 10352 --- [library-system] [main] .s.d.r.c.RepositoryConfigurationDelegate : Bootstrapping Spring Data JPA repositories in DEFAULT mode.
2026-05-26T22:16:16.095+05:30  INFO 10352 --- [library-system] [main] .s.d.r.c.RepositoryConfigurationDelegate : Finished Spring Data repository scanning in 72 ms. Found 2 JPA repository interfaces.
2026-05-26T22:16:16.886+05:30  INFO 10352 --- [library-system] [main] o.s.b.w.embedded.tomcat.TomcatWebServer  : Tomcat initialized with port 9999 (http)
2026-05-26T22:16:16.909+05:30  INFO 10352 --- [library-system] [main] o.apache.catalina.core.StandardService   : Starting service [Tomcat]
2026-05-26T22:16:16.909+05:30  INFO 10352 --- [library-system] [main] o.apache.catalina.core.StandardEngine    : Starting Servlet engine: [Apache Tomcat/10.1.40]
2026-05-26T22:16:17.032+05:30  INFO 10352 --- [library-system] [main] o.a.c.c.C.[Tomcat].[localhost].[/]       : Initializing Spring embedded WebApplicationContext
2026-05-26T22:16:17.034+05:30  INFO 10352 --- [library-system] [main] w.s.c.ServletWebServerApplicationContext : Root WebApplicationContext: initialization completed in 2397 ms
2026-05-26T22:16:17.292+05:30  INFO 10352 --- [library-system] [main] o.hibernate.jpa.internal.util.LogHelper  : HHH000204: Processing PersistenceUnitInfo [name: default]
2026-05-26T22:16:17.363+05:30  INFO 10352 --- [library-system] [main] org.hibernate.Version                    : HHH000412: Hibernate ORM core version 6.6.13.Final
2026-05-26T22:16:17.411+05:30  INFO 10352 --- [library-system] [main] o.h.c.internal.RegionFactoryInitiator    : HHH000026: Second-level cache disabled
2026-05-26T22:16:17.807+05:30  INFO 10352 --- [library-system] [main] o.s.o.j.p.SpringPersistenceUnitInfo      : No LoadTimeWeaver setup: ignoring JPA class transformer
2026-05-26T22:16:17.862+05:30  INFO 10352 --- [library-system] [main] com.zaxxer.hikari.HikariDataSource       : HikariPool-1 - Starting...
2026-05-26T22:16:18.347+05:30  INFO 10352 --- [library-system] [main] com.zaxxer.hikari.pool.HikariPool        : HikariPool-1 - Added connection com.mysql.cj.jdbc.ConnectionImpl@432c0f1
2026-05-26T22:16:18.350+05:30  INFO 10352 --- [library-system] [main] com.zaxxer.hikari.HikariDataSource       : HikariPool-1 - Start completed.
2026-05-26T22:16:18.453+05:30  INFO 10352 --- [library-system] [main] org.hibernate.orm.connections.pooling    : HHH10001005: Database info:
	Database JDBC URL [Connecting through datasource 'HikariDataSource (HikariPool-1)']
	Database driver: undefined/unknown
	Database version: 8.0.46
	Autocommit mode: undefined/unknown
	Isolation level: undefined/unknown
	Minimum pool size: undefined/unknown
	Maximum pool size: undefined/unknown
2026-05-26T22:16:19.817+05:30  INFO 10352 --- [library-system] [main] o.h.e.t.j.p.i.JtaPlatformInitiator       : HHH000489: No JTA platform available (set 'hibernate.transaction.jta.platform' to enable JTA platform integration)
2026-05-26T22:16:19.983+05:30  INFO 10352 --- [library-system] [main] j.LocalContainerEntityManagerFactoryBean : Initialized JPA EntityManagerFactory for persistence unit 'default'
2026-05-26T22:16:20.475+05:30  WARN 10352 --- [library-system] [main] JpaBaseConfiguration$JpaWebConfiguration : spring.jpa.open-in-view is enabled by default. Therefore, database queries may be performed during view rendering. Explicitly configure spring.jpa.open-in-view to disable this warning
2026-05-26T22:16:21.088+05:30  WARN 10352 --- [library-system] [main] .s.s.UserDetailsServiceAutoConfiguration : 

Using generated security password: dbf93493-0b16-4647-8e5b-a8fb041fb4ec

This generated password is for development use only. Your security configuration must be updated before running your application in production.

2026-05-26T22:16:21.114+05:30  INFO 10352 --- [library-system] [main] r$InitializeUserDetailsManagerConfigurer : Global AuthenticationManager configured with UserDetailsService bean with name inMemoryUserDetailsManager
2026-05-26T22:16:21.389+05:30  INFO 10352 --- [library-system] [main] o.s.b.w.embedded.tomcat.TomcatWebServer  : Tomcat started on port 9999 (http) with context path '/'
2026-05-26T22:16:21.404+05:30  INFO 10352 --- [library-system] [main] c.l.l.LibrarySystemApplication           : Started LibrarySystemApplication in 7.503 seconds (process running for 8.038)
2026-05-26T22:16:32.730+05:30  INFO 10352 --- [library-system] [http-nio-9999-exec-2] o.a.c.c.C.[Tomcat].[localhost].[/]       : Initializing Spring DispatcherServlet 'dispatcherServlet'
2026-05-26T22:16:32.731+05:30  INFO 10352 --- [library-system] [http-nio-9999-exec-2] o.s.web.servlet.DispatcherServlet        : Initializing Servlet 'dispatcherServlet'
2026-05-26T22:16:32.737+05:30  INFO 10352 --- [library-system] [http-nio-9999-exec-2] o.s.web.servlet.DispatcherServlet        : Completed initialization in 6 ms
2026-05-26T22:25:43.144+05:30  WARN 10352 --- [library-system] [HikariPool-1 housekeeper] com.zaxxer.hikari.pool.HikariPool        : HikariPool-1 - Thread starvation or clock leap detected (housekeeper delta=1m24s549ms240µs700ns).
2026-05-26T22:28:50.849+05:30  INFO 5992 --- [library-system] [main] c.l.l.LibrarySystemApplication           : Starting LibrarySystemApplication using Java 21.0.6 with PID 5992 (D:\Projects\LMS\lms-library\target\classes started by Mohamed Mubeen in D:\Projects\LMS\lms-library)
2026-05-26T22:28:50.853+05:30  INFO 5992 --- [library-system] [main] c.l.l.LibrarySystemApplication           : No active profile set, falling back to 1 default profile: "default"
2026-05-26T22:28:52.160+05:30  INFO 5992 --- [library-system] [main] .s.d.r.c.RepositoryConfigurationDelegate : Bootstrapping Spring Data JPA repositories in DEFAULT mode.
2026-05-26T22:28:52.257+05:30  INFO 5992 --- [library-system] [main] .s.d.r.c.RepositoryConfigurationDelegate : Finished Spring Data repository scanning in 78 ms. Found 2 JPA repository interfaces.
2026-05-26T22:28:53.139+05:30  INFO 5992 --- [library-system] [main] o.s.b.w.embedded.tomcat.TomcatWebServer  : Tomcat initialized with port 9999 (http)
2026-05-26T22:28:53.165+05:30  INFO 5992 --- [library-system] [main] o.apache.catalina.core.StandardService   : Starting service [Tomcat]
2026-05-26T22:28:53.166+05:30  INFO 5992 --- [library-system] [main] o.apache.catalina.core.StandardEngine    : Starting Servlet engine: [Apache Tomcat/10.1.40]
2026-05-26T22:28:53.272+05:30  INFO 5992 --- [library-system] [main] o.a.c.c.C.[Tomcat].[localhost].[/]       : Initializing Spring embedded WebApplicationContext
2026-05-26T22:28:53.274+05:30  INFO 5992 --- [library-system] [main] w.s.c.ServletWebServerApplicationContext : Root WebApplicationContext: initialization completed in 2340 ms
2026-05-26T22:28:53.509+05:30  INFO 5992 --- [library-system] [main] o.hibernate.jpa.internal.util.LogHelper  : HHH000204: Processing PersistenceUnitInfo [name: default]
2026-05-26T22:28:53.607+05:30  INFO 5992 --- [library-system] [main] org.hibernate.Version                    : HHH000412: Hibernate ORM core version 6.6.13.Final
2026-05-26T22:28:53.665+05:30  INFO 5992 --- [library-system] [main] o.h.c.internal.RegionFactoryInitiator    : HHH000026: Second-level cache disabled
2026-05-26T22:28:54.209+05:30  INFO 5992 --- [library-system] [main] o.s.o.j.p.SpringPersistenceUnitInfo      : No LoadTimeWeaver setup: ignoring JPA class transformer
2026-05-26T22:28:54.256+05:30  INFO 5992 --- [library-system] [main] com.zaxxer.hikari.HikariDataSource       : HikariPool-1 - Starting...
2026-05-26T22:28:55.011+05:30  INFO 5992 --- [library-system] [main] com.zaxxer.hikari.pool.HikariPool        : HikariPool-1 - Added connection com.mysql.cj.jdbc.ConnectionImpl@401ec794
2026-05-26T22:28:55.016+05:30  INFO 5992 --- [library-system] [main] com.zaxxer.hikari.HikariDataSource       : HikariPool-1 - Start completed.
2026-05-26T22:28:55.182+05:30  INFO 5992 --- [library-system] [main] org.hibernate.orm.connections.pooling    : HHH10001005: Database info:
	Database JDBC URL [Connecting through datasource 'HikariDataSource (HikariPool-1)']
	Database driver: undefined/unknown
	Database version: 8.0.46
	Autocommit mode: undefined/unknown
	Isolation level: undefined/unknown
	Minimum pool size: undefined/unknown
	Maximum pool size: undefined/unknown
2026-05-26T22:28:56.664+05:30  INFO 5992 --- [library-system] [main] o.h.e.t.j.p.i.JtaPlatformInitiator       : HHH000489: No JTA platform available (set 'hibernate.transaction.jta.platform' to enable JTA platform integration)
2026-05-26T22:28:56.760+05:30  INFO 5992 --- [library-system] [main] j.LocalContainerEntityManagerFactoryBean : Initialized JPA EntityManagerFactory for persistence unit 'default'
2026-05-26T22:28:57.214+05:30  WARN 5992 --- [library-system] [main] JpaBaseConfiguration$JpaWebConfiguration : spring.jpa.open-in-view is enabled by default. Therefore, database queries may be performed during view rendering. Explicitly configure spring.jpa.open-in-view to disable this warning
2026-05-26T22:28:57.244+05:30  WARN 5992 --- [library-system] [main] .s.s.UserDetailsServiceAutoConfiguration : 

Using generated security password: 4eb22c71-1f0b-4000-80d5-084e3b6bfb9d

This generated password is for development use only. Your security configuration must be updated before running your application in production.

2026-05-26T22:28:57.270+05:30  INFO 5992 --- [library-system] [main] r$InitializeUserDetailsManagerConfigurer : Global AuthenticationManager configured with UserDetailsService bean with name inMemoryUserDetailsManager
2026-05-26T22:28:58.035+05:30  INFO 5992 --- [library-system] [main] o.s.b.w.embedded.tomcat.TomcatWebServer  : Tomcat started on port 9999 (http) with context path '/'
2026-05-26T22:28:58.050+05:30  INFO 5992 --- [library-system] [main] c.l.l.LibrarySystemApplication           : Started LibrarySystemApplication in 7.919 seconds (process running for 8.501)
2026-05-26T22:29:08.969+05:30  INFO 5992 --- [library-system] [http-nio-9999-exec-1] o.a.c.c.C.[Tomcat].[localhost].[/]       : Initializing Spring DispatcherServlet 'dispatcherServlet'
2026-05-26T22:29:08.970+05:30  INFO 5992 --- [library-system] [http-nio-9999-exec-1] o.s.web.servlet.DispatcherServlet        : Initializing Servlet 'dispatcherServlet'
2026-05-26T22:29:08.975+05:30  INFO 5992 --- [library-system] [http-nio-9999-exec-1] o.s.web.servlet.DispatcherServlet        : Completed initialization in 4 ms
2026-05-26T22:30:25.520+05:30  INFO 6476 --- [library-system] [main] c.l.l.LibrarySystemApplication           : Starting LibrarySystemApplication using Java 21.0.6 with PID 6476 (D:\Projects\LMS\lms-library\target\classes started by Mohamed Mubeen in D:\Projects\LMS\lms-library)
2026-05-26T22:30:25.523+05:30  INFO 6476 --- [library-system] [main] c.l.l.LibrarySystemApplication           : No active profile set, falling back to 1 default profile: "default"
2026-05-26T22:30:26.726+05:30  INFO 6476 --- [library-system] [main] .s.d.r.c.RepositoryConfigurationDelegate : Bootstrapping Spring Data JPA repositories in DEFAULT mode.
2026-05-26T22:30:26.804+05:30  INFO 6476 --- [library-system] [main] .s.d.r.c.RepositoryConfigurationDelegate : Finished Spring Data repository scanning in 64 ms. Found 2 JPA repository interfaces.
2026-05-26T22:30:27.613+05:30  INFO 6476 --- [library-system] [main] o.s.b.w.embedded.tomcat.TomcatWebServer  : Tomcat initialized with port 9999 (http)
2026-05-26T22:30:27.637+05:30  INFO 6476 --- [library-system] [main] o.apache.catalina.core.StandardService   : Starting service [Tomcat]
2026-05-26T22:30:27.638+05:30  INFO 6476 --- [library-system] [main] o.apache.catalina.core.StandardEngine    : Starting Servlet engine: [Apache Tomcat/10.1.40]
2026-05-26T22:30:27.727+05:30  INFO 6476 --- [library-system] [main] o.a.c.c.C.[Tomcat].[localhost].[/]       : Initializing Spring embedded WebApplicationContext
2026-05-26T22:30:27.728+05:30  INFO 6476 --- [library-system] [main] w.s.c.ServletWebServerApplicationContext : Root WebApplicationContext: initialization completed in 2135 ms
2026-05-26T22:30:27.948+05:30  INFO 6476 --- [library-system] [main] o.hibernate.jpa.internal.util.LogHelper  : HHH000204: Processing PersistenceUnitInfo [name: default]
2026-05-26T22:30:28.009+05:30  INFO 6476 --- [library-system] [main] org.hibernate.Version                    : HHH000412: Hibernate ORM core version 6.6.13.Final
2026-05-26T22:30:28.059+05:30  INFO 6476 --- [library-system] [main] o.h.c.internal.RegionFactoryInitiator    : HHH000026: Second-level cache disabled
2026-05-26T22:30:28.399+05:30  INFO 6476 --- [library-system] [main] o.s.o.j.p.SpringPersistenceUnitInfo      : No LoadTimeWeaver setup: ignoring JPA class transformer
2026-05-26T22:30:28.434+05:30  INFO 6476 --- [library-system] [main] com.zaxxer.hikari.HikariDataSource       : HikariPool-1 - Starting...
2026-05-26T22:30:28.935+05:30  INFO 6476 --- [library-system] [main] com.zaxxer.hikari.pool.HikariPool        : HikariPool-1 - Added connection com.mysql.cj.jdbc.ConnectionImpl@359e27d2
2026-05-26T22:30:28.938+05:30  INFO 6476 --- [library-system] [main] com.zaxxer.hikari.HikariDataSource       : HikariPool-1 - Start completed.
2026-05-26T22:30:29.036+05:30  INFO 6476 --- [library-system] [main] org.hibernate.orm.connections.pooling    : HHH10001005: Database info:
	Database JDBC URL [Connecting through datasource 'HikariDataSource (HikariPool-1)']
	Database driver: undefined/unknown
	Database version: 8.0.46
	Autocommit mode: undefined/unknown
	Isolation level: undefined/unknown
	Minimum pool size: undefined/unknown
	Maximum pool size: undefined/unknown
2026-05-26T22:30:30.289+05:30  INFO 6476 --- [library-system] [main] o.h.e.t.j.p.i.JtaPlatformInitiator       : HHH000489: No JTA platform available (set 'hibernate.transaction.jta.platform' to enable JTA platform integration)
2026-05-26T22:30:30.450+05:30  INFO 6476 --- [library-system] [main] j.LocalContainerEntityManagerFactoryBean : Initialized JPA EntityManagerFactory for persistence unit 'default'
2026-05-26T22:30:30.867+05:30  WARN 6476 --- [library-system] [main] JpaBaseConfiguration$JpaWebConfiguration : spring.jpa.open-in-view is enabled by default. Therefore, database queries may be performed during view rendering. Explicitly configure spring.jpa.open-in-view to disable this warning
2026-05-26T22:30:31.040+05:30  WARN 6476 --- [library-system] [main] .s.s.UserDetailsServiceAutoConfiguration : 

Using generated security password: 7ada3542-1d9f-469d-949a-714dc4bd95e0

This generated password is for development use only. Your security configuration must be updated before running your application in production.

2026-05-26T22:30:31.070+05:30  INFO 6476 --- [library-system] [main] r$InitializeUserDetailsManagerConfigurer : Global AuthenticationManager configured with UserDetailsService bean with name inMemoryUserDetailsManager
2026-05-26T22:30:31.936+05:30  INFO 6476 --- [library-system] [main] o.s.b.w.embedded.tomcat.TomcatWebServer  : Tomcat started on port 9999 (http) with context path '/'
2026-05-26T22:30:31.955+05:30  INFO 6476 --- [library-system] [main] c.l.l.LibrarySystemApplication           : Started LibrarySystemApplication in 7.166 seconds (process running for 7.636)
2026-05-26T22:30:46.731+05:30  INFO 6476 --- [library-system] [http-nio-9999-exec-1] o.a.c.c.C.[Tomcat].[localhost].[/]       : Initializing Spring DispatcherServlet 'dispatcherServlet'
2026-05-26T22:30:46.733+05:30  INFO 6476 --- [library-system] [http-nio-9999-exec-1] o.s.web.servlet.DispatcherServlet        : Initializing Servlet 'dispatcherServlet'
2026-05-26T22:30:46.738+05:30  INFO 6476 --- [library-system] [http-nio-9999-exec-1] o.s.web.servlet.DispatcherServlet        : Completed initialization in 4 ms
2026-05-26T22:33:43.717+05:30  INFO 11696 --- [library-system] [main] c.l.l.LibrarySystemApplication           : Starting LibrarySystemApplication using Java 21.0.6 with PID 11696 (D:\Projects\LMS\lms-library\target\classes started by Mohamed Mubeen in D:\Projects\LMS\lms-library)
2026-05-26T22:33:43.723+05:30  INFO 11696 --- [library-system] [main] c.l.l.LibrarySystemApplication           : No active profile set, falling back to 1 default profile: "default"
2026-05-26T22:33:44.938+05:30  INFO 11696 --- [library-system] [main] .s.d.r.c.RepositoryConfigurationDelegate : Bootstrapping Spring Data JPA repositories in DEFAULT mode.
2026-05-26T22:33:45.047+05:30  INFO 11696 --- [library-system] [main] .s.d.r.c.RepositoryConfigurationDelegate : Finished Spring Data repository scanning in 88 ms. Found 2 JPA repository interfaces.
2026-05-26T22:33:46.012+05:30  INFO 11696 --- [library-system] [main] o.s.b.w.embedded.tomcat.TomcatWebServer  : Tomcat initialized with port 9999 (http)
2026-05-26T22:33:46.033+05:30  INFO 11696 --- [library-system] [main] o.apache.catalina.core.StandardService   : Starting service [Tomcat]
2026-05-26T22:33:46.035+05:30  INFO 11696 --- [library-system] [main] o.apache.catalina.core.StandardEngine    : Starting Servlet engine: [Apache Tomcat/10.1.40]
2026-05-26T22:33:46.159+05:30  INFO 11696 --- [library-system] [main] o.a.c.c.C.[Tomcat].[localhost].[/]       : Initializing Spring embedded WebApplicationContext
2026-05-26T22:33:46.162+05:30  INFO 11696 --- [library-system] [main] w.s.c.ServletWebServerApplicationContext : Root WebApplicationContext: initialization completed in 2372 ms
2026-05-26T22:33:46.397+05:30  INFO 11696 --- [library-system] [main] o.hibernate.jpa.internal.util.LogHelper  : HHH000204: Processing PersistenceUnitInfo [name: default]
2026-05-26T22:33:46.459+05:30  INFO 11696 --- [library-system] [main] org.hibernate.Version                    : HHH000412: Hibernate ORM core version 6.6.13.Final
2026-05-26T22:33:46.503+05:30  INFO 11696 --- [library-system] [main] o.h.c.internal.RegionFactoryInitiator    : HHH000026: Second-level cache disabled
2026-05-26T22:33:46.910+05:30  INFO 11696 --- [library-system] [main] o.s.o.j.p.SpringPersistenceUnitInfo      : No LoadTimeWeaver setup: ignoring JPA class transformer
2026-05-26T22:33:46.956+05:30  INFO 11696 --- [library-system] [main] com.zaxxer.hikari.HikariDataSource       : HikariPool-1 - Starting...
2026-05-26T22:33:47.579+05:30  INFO 11696 --- [library-system] [main] com.zaxxer.hikari.pool.HikariPool        : HikariPool-1 - Added connection com.mysql.cj.jdbc.ConnectionImpl@750e2d33
2026-05-26T22:33:47.583+05:30  INFO 11696 --- [library-system] [main] com.zaxxer.hikari.HikariDataSource       : HikariPool-1 - Start completed.
2026-05-26T22:33:47.691+05:30  INFO 11696 --- [library-system] [main] org.hibernate.orm.connections.pooling    : HHH10001005: Database info:
	Database JDBC URL [Connecting through datasource 'HikariDataSource (HikariPool-1)']
	Database driver: undefined/unknown
	Database version: 8.0.46
	Autocommit mode: undefined/unknown
	Isolation level: undefined/unknown
	Minimum pool size: undefined/unknown
	Maximum pool size: undefined/unknown
2026-05-26T22:33:48.937+05:30  INFO 11696 --- [library-system] [main] o.h.e.t.j.p.i.JtaPlatformInitiator       : HHH000489: No JTA platform available (set 'hibernate.transaction.jta.platform' to enable JTA platform integration)
2026-05-26T22:33:49.028+05:30  INFO 11696 --- [library-system] [main] j.LocalContainerEntityManagerFactoryBean : Initialized JPA EntityManagerFactory for persistence unit 'default'
2026-05-26T22:33:49.404+05:30  WARN 11696 --- [library-system] [main] JpaBaseConfiguration$JpaWebConfiguration : spring.jpa.open-in-view is enabled by default. Therefore, database queries may be performed during view rendering. Explicitly configure spring.jpa.open-in-view to disable this warning
2026-05-26T22:33:49.434+05:30  WARN 11696 --- [library-system] [main] .s.s.UserDetailsServiceAutoConfiguration : 

Using generated security password: b7f309c7-c054-483c-8612-9752b8cbb917

This generated password is for development use only. Your security configuration must be updated before running your application in production.

2026-05-26T22:33:49.459+05:30  INFO 11696 --- [library-system] [main] r$InitializeUserDetailsManagerConfigurer : Global AuthenticationManager configured with UserDetailsService bean with name inMemoryUserDetailsManager
2026-05-26T22:33:50.150+05:30  INFO 11696 --- [library-system] [main] o.s.b.w.embedded.tomcat.TomcatWebServer  : Tomcat started on port 9999 (http) with context path '/'
2026-05-26T22:33:50.163+05:30  INFO 11696 --- [library-system] [main] c.l.l.LibrarySystemApplication           : Started LibrarySystemApplication in 7.168 seconds (process running for 7.728)
2026-05-26T22:34:10.354+05:30  INFO 11696 --- [library-system] [http-nio-9999-exec-1] o.a.c.c.C.[Tomcat].[localhost].[/]       : Initializing Spring DispatcherServlet 'dispatcherServlet'
2026-05-26T22:34:10.355+05:30  INFO 11696 --- [library-system] [http-nio-9999-exec-1] o.s.web.servlet.DispatcherServlet        : Initializing Servlet 'dispatcherServlet'
2026-05-26T22:34:10.368+05:30  INFO 11696 --- [library-system] [http-nio-9999-exec-1] o.s.web.servlet.DispatcherServlet        : Completed initialization in 13 ms
2026-05-26T22:36:38.165+05:30  INFO 3216 --- [library-system] [main] c.l.l.LibrarySystemApplication           : Starting LibrarySystemApplication using Java 21.0.6 with PID 3216 (D:\Projects\LMS\lms-library\target\classes started by Mohamed Mubeen in D:\Projects\LMS\lms-library)
2026-05-26T22:36:38.169+05:30  INFO 3216 --- [library-system] [main] c.l.l.LibrarySystemApplication           : No active profile set, falling back to 1 default profile: "default"
2026-05-26T22:36:39.409+05:30  INFO 3216 --- [library-system] [main] .s.d.r.c.RepositoryConfigurationDelegate : Bootstrapping Spring Data JPA repositories in DEFAULT mode.
2026-05-26T22:36:39.509+05:30  INFO 3216 --- [library-system] [main] .s.d.r.c.RepositoryConfigurationDelegate : Finished Spring Data repository scanning in 83 ms. Found 2 JPA repository interfaces.
2026-05-26T22:36:40.335+05:30  INFO 3216 --- [library-system] [main] o.s.b.w.embedded.tomcat.TomcatWebServer  : Tomcat initialized with port 9999 (http)
2026-05-26T22:36:40.354+05:30  INFO 3216 --- [library-system] [main] o.apache.catalina.core.StandardService   : Starting service [Tomcat]
2026-05-26T22:36:40.355+05:30  INFO 3216 --- [library-system] [main] o.apache.catalina.core.StandardEngine    : Starting Servlet engine: [Apache Tomcat/10.1.40]
2026-05-26T22:36:40.437+05:30  INFO 3216 --- [library-system] [main] o.a.c.c.C.[Tomcat].[localhost].[/]       : Initializing Spring embedded WebApplicationContext
2026-05-26T22:36:40.439+05:30  INFO 3216 --- [library-system] [main] w.s.c.ServletWebServerApplicationContext : Root WebApplicationContext: initialization completed in 2205 ms
2026-05-26T22:36:40.675+05:30  INFO 3216 --- [library-system] [main] o.hibernate.jpa.internal.util.LogHelper  : HHH000204: Processing PersistenceUnitInfo [name: default]
2026-05-26T22:36:40.746+05:30  INFO 3216 --- [library-system] [main] org.hibernate.Version                    : HHH000412: Hibernate ORM core version 6.6.13.Final
2026-05-26T22:36:40.789+05:30  INFO 3216 --- [library-system] [main] o.h.c.internal.RegionFactoryInitiator    : HHH000026: Second-level cache disabled
2026-05-26T22:36:41.184+05:30  INFO 3216 --- [library-system] [main] o.s.o.j.p.SpringPersistenceUnitInfo      : No LoadTimeWeaver setup: ignoring JPA class transformer
2026-05-26T22:36:41.225+05:30  INFO 3216 --- [library-system] [main] com.zaxxer.hikari.HikariDataSource       : HikariPool-1 - Starting...
2026-05-26T22:36:41.727+05:30  INFO 3216 --- [library-system] [main] com.zaxxer.hikari.pool.HikariPool        : HikariPool-1 - Added connection com.mysql.cj.jdbc.ConnectionImpl@d76099a
2026-05-26T22:36:41.730+05:30  INFO 3216 --- [library-system] [main] com.zaxxer.hikari.HikariDataSource       : HikariPool-1 - Start completed.
2026-05-26T22:36:41.901+05:30  INFO 3216 --- [library-system] [main] org.hibernate.orm.connections.pooling    : HHH10001005: Database info:
	Database JDBC URL [Connecting through datasource 'HikariDataSource (HikariPool-1)']
	Database driver: undefined/unknown
	Database version: 8.0.46
	Autocommit mode: undefined/unknown
	Isolation level: undefined/unknown
	Minimum pool size: undefined/unknown
	Maximum pool size: undefined/unknown
2026-05-26T22:36:43.265+05:30  INFO 3216 --- [library-system] [main] o.h.e.t.j.p.i.JtaPlatformInitiator       : HHH000489: No JTA platform available (set 'hibernate.transaction.jta.platform' to enable JTA platform integration)
2026-05-26T22:36:43.454+05:30  INFO 3216 --- [library-system] [main] j.LocalContainerEntityManagerFactoryBean : Initialized JPA EntityManagerFactory for persistence unit 'default'
2026-05-26T22:36:43.910+05:30  WARN 3216 --- [library-system] [main] JpaBaseConfiguration$JpaWebConfiguration : spring.jpa.open-in-view is enabled by default. Therefore, database queries may be performed during view rendering. Explicitly configure spring.jpa.open-in-view to disable this warning
2026-05-26T22:36:43.946+05:30  WARN 3216 --- [library-system] [main] .s.s.UserDetailsServiceAutoConfiguration : 

Using generated security password: 7b1647b7-5501-492f-af78-3a2bce43dd80

This generated password is for development use only. Your security configuration must be updated before running your application in production.

2026-05-26T22:36:43.986+05:30  INFO 3216 --- [library-system] [main] r$InitializeUserDetailsManagerConfigurer : Global AuthenticationManager configured with UserDetailsService bean with name inMemoryUserDetailsManager
2026-05-26T22:36:44.762+05:30  INFO 3216 --- [library-system] [main] o.s.b.w.embedded.tomcat.TomcatWebServer  : Tomcat started on port 9999 (http) with context path '/'
2026-05-26T22:36:44.781+05:30  INFO 3216 --- [library-system] [main] c.l.l.LibrarySystemApplication           : Started LibrarySystemApplication in 7.379 seconds (process running for 7.943)
2026-05-26T22:36:51.022+05:30  INFO 3216 --- [library-system] [http-nio-9999-exec-2] o.a.c.c.C.[Tomcat].[localhost].[/]       : Initializing Spring DispatcherServlet 'dispatcherServlet'
2026-05-26T22:36:51.032+05:30  INFO 3216 --- [library-system] [http-nio-9999-exec-2] o.s.web.servlet.DispatcherServlet        : Initializing Servlet 'dispatcherServlet'
2026-05-26T22:36:51.047+05:30  INFO 3216 --- [library-system] [http-nio-9999-exec-2] o.s.web.servlet.DispatcherServlet        : Completed initialization in 13 ms
2026-05-26T22:37:39.028+05:30  INFO 17692 --- [library-system] [main] c.l.l.LibrarySystemApplication           : Starting LibrarySystemApplication using Java 21.0.6 with PID 17692 (D:\Projects\LMS\lms-library\target\classes started by Mohamed Mubeen in D:\Projects\LMS\lms-library)
2026-05-26T22:37:39.034+05:30  INFO 17692 --- [library-system] [main] c.l.l.LibrarySystemApplication           : No active profile set, falling back to 1 default profile: "default"
2026-05-26T22:37:40.194+05:30  INFO 17692 --- [library-system] [main] .s.d.r.c.RepositoryConfigurationDelegate : Bootstrapping Spring Data JPA repositories in DEFAULT mode.
2026-05-26T22:37:40.288+05:30  INFO 17692 --- [library-system] [main] .s.d.r.c.RepositoryConfigurationDelegate : Finished Spring Data repository scanning in 76 ms. Found 2 JPA repository interfaces.
2026-05-26T22:37:41.066+05:30  INFO 17692 --- [library-system] [main] o.s.b.w.embedded.tomcat.TomcatWebServer  : Tomcat initialized with port 9999 (http)
2026-05-26T22:37:41.083+05:30  INFO 17692 --- [library-system] [main] o.apache.catalina.core.StandardService   : Starting service [Tomcat]
2026-05-26T22:37:41.084+05:30  INFO 17692 --- [library-system] [main] o.apache.catalina.core.StandardEngine    : Starting Servlet engine: [Apache Tomcat/10.1.40]
2026-05-26T22:37:41.156+05:30  INFO 17692 --- [library-system] [main] o.a.c.c.C.[Tomcat].[localhost].[/]       : Initializing Spring embedded WebApplicationContext
2026-05-26T22:37:41.157+05:30  INFO 17692 --- [library-system] [main] w.s.c.ServletWebServerApplicationContext : Root WebApplicationContext: initialization completed in 2055 ms
2026-05-26T22:37:41.369+05:30  INFO 17692 --- [library-system] [main] o.hibernate.jpa.internal.util.LogHelper  : HHH000204: Processing PersistenceUnitInfo [name: default]
2026-05-26T22:37:41.440+05:30  INFO 17692 --- [library-system] [main] org.hibernate.Version                    : HHH000412: Hibernate ORM core version 6.6.13.Final
2026-05-26T22:37:41.483+05:30  INFO 17692 --- [library-system] [main] o.h.c.internal.RegionFactoryInitiator    : HHH000026: Second-level cache disabled
2026-05-26T22:37:41.841+05:30  INFO 17692 --- [library-system] [main] o.s.o.j.p.SpringPersistenceUnitInfo      : No LoadTimeWeaver setup: ignoring JPA class transformer
2026-05-26T22:37:41.885+05:30  INFO 17692 --- [library-system] [main] com.zaxxer.hikari.HikariDataSource       : HikariPool-1 - Starting...
2026-05-26T22:37:42.409+05:30  INFO 17692 --- [library-system] [main] com.zaxxer.hikari.pool.HikariPool        : HikariPool-1 - Added connection com.mysql.cj.jdbc.ConnectionImpl@4809c771
2026-05-26T22:37:42.412+05:30  INFO 17692 --- [library-system] [main] com.zaxxer.hikari.HikariDataSource       : HikariPool-1 - Start completed.
2026-05-26T22:37:42.517+05:30  INFO 17692 --- [library-system] [main] org.hibernate.orm.connections.pooling    : HHH10001005: Database info:
	Database JDBC URL [Connecting through datasource 'HikariDataSource (HikariPool-1)']
	Database driver: undefined/unknown
	Database version: 8.0.46
	Autocommit mode: undefined/unknown
	Isolation level: undefined/unknown
	Minimum pool size: undefined/unknown
	Maximum pool size: undefined/unknown
2026-05-26T22:37:43.864+05:30  INFO 17692 --- [library-system] [main] o.h.e.t.j.p.i.JtaPlatformInitiator       : HHH000489: No JTA platform available (set 'hibernate.transaction.jta.platform' to enable JTA platform integration)
2026-05-26T22:37:43.965+05:30  INFO 17692 --- [library-system] [main] j.LocalContainerEntityManagerFactoryBean : Initialized JPA EntityManagerFactory for persistence unit 'default'
2026-05-26T22:37:44.395+05:30  WARN 17692 --- [library-system] [main] JpaBaseConfiguration$JpaWebConfiguration : spring.jpa.open-in-view is enabled by default. Therefore, database queries may be performed during view rendering. Explicitly configure spring.jpa.open-in-view to disable this warning
2026-05-26T22:37:44.427+05:30  WARN 17692 --- [library-system] [main] .s.s.UserDetailsServiceAutoConfiguration : 

Using generated security password: ba9fe6ba-ddd8-417d-8f12-c3250d2d68b9

This generated password is for development use only. Your security configuration must be updated before running your application in production.

2026-05-26T22:37:44.457+05:30  INFO 17692 --- [library-system] [main] r$InitializeUserDetailsManagerConfigurer : Global AuthenticationManager configured with UserDetailsService bean with name inMemoryUserDetailsManager
2026-05-26T22:37:45.127+05:30  INFO 17692 --- [library-system] [main] o.s.b.w.embedded.tomcat.TomcatWebServer  : Tomcat started on port 9999 (http) with context path '/'
2026-05-26T22:37:45.143+05:30  INFO 17692 --- [library-system] [main] c.l.l.LibrarySystemApplication           : Started LibrarySystemApplication in 6.815 seconds (process running for 7.347)
2026-05-26T22:39:01.371+05:30  INFO 3840 --- [library-system] [main] c.l.l.LibrarySystemApplication           : Starting LibrarySystemApplication using Java 21.0.6 with PID 3840 (D:\Projects\LMS\lms-library\target\classes started by Mohamed Mubeen in D:\Projects\LMS\lms-library)
2026-05-26T22:39:01.375+05:30  INFO 3840 --- [library-system] [main] c.l.l.LibrarySystemApplication           : No active profile set, falling back to 1 default profile: "default"
2026-05-26T22:39:02.638+05:30  INFO 3840 --- [library-system] [main] .s.d.r.c.RepositoryConfigurationDelegate : Bootstrapping Spring Data JPA repositories in DEFAULT mode.
2026-05-26T22:39:02.731+05:30  INFO 3840 --- [library-system] [main] .s.d.r.c.RepositoryConfigurationDelegate : Finished Spring Data repository scanning in 78 ms. Found 2 JPA repository interfaces.
2026-05-26T22:39:03.562+05:30  INFO 3840 --- [library-system] [main] o.s.b.w.embedded.tomcat.TomcatWebServer  : Tomcat initialized with port 9999 (http)
2026-05-26T22:39:03.599+05:30  INFO 3840 --- [library-system] [main] o.apache.catalina.core.StandardService   : Starting service [Tomcat]
2026-05-26T22:39:03.599+05:30  INFO 3840 --- [library-system] [main] o.apache.catalina.core.StandardEngine    : Starting Servlet engine: [Apache Tomcat/10.1.40]
2026-05-26T22:39:03.678+05:30  INFO 3840 --- [library-system] [main] o.a.c.c.C.[Tomcat].[localhost].[/]       : Initializing Spring embedded WebApplicationContext
2026-05-26T22:39:03.679+05:30  INFO 3840 --- [library-system] [main] w.s.c.ServletWebServerApplicationContext : Root WebApplicationContext: initialization completed in 2236 ms
2026-05-26T22:39:04.049+05:30  INFO 3840 --- [library-system] [main] o.hibernate.jpa.internal.util.LogHelper  : HHH000204: Processing PersistenceUnitInfo [name: default]
2026-05-26T22:39:04.128+05:30  INFO 3840 --- [library-system] [main] org.hibernate.Version                    : HHH000412: Hibernate ORM core version 6.6.13.Final
2026-05-26T22:39:04.192+05:30  INFO 3840 --- [library-system] [main] o.h.c.internal.RegionFactoryInitiator    : HHH000026: Second-level cache disabled
2026-05-26T22:39:04.645+05:30  INFO 3840 --- [library-system] [main] o.s.o.j.p.SpringPersistenceUnitInfo      : No LoadTimeWeaver setup: ignoring JPA class transformer
2026-05-26T22:39:04.691+05:30  INFO 3840 --- [library-system] [main] com.zaxxer.hikari.HikariDataSource       : HikariPool-1 - Starting...
2026-05-26T22:39:05.301+05:30  INFO 3840 --- [library-system] [main] com.zaxxer.hikari.pool.HikariPool        : HikariPool-1 - Added connection com.mysql.cj.jdbc.ConnectionImpl@750e2d33
2026-05-26T22:39:05.307+05:30  INFO 3840 --- [library-system] [main] com.zaxxer.hikari.HikariDataSource       : HikariPool-1 - Start completed.
2026-05-26T22:39:05.445+05:30  INFO 3840 --- [library-system] [main] org.hibernate.orm.connections.pooling    : HHH10001005: Database info:
	Database JDBC URL [Connecting through datasource 'HikariDataSource (HikariPool-1)']
	Database driver: undefined/unknown
	Database version: 8.0.46
	Autocommit mode: undefined/unknown
	Isolation level: undefined/unknown
	Minimum pool size: undefined/unknown
	Maximum pool size: undefined/unknown
2026-05-26T22:39:06.818+05:30  INFO 3840 --- [library-system] [main] o.h.e.t.j.p.i.JtaPlatformInitiator       : HHH000489: No JTA platform available (set 'hibernate.transaction.jta.platform' to enable JTA platform integration)
2026-05-26T22:39:06.940+05:30  INFO 3840 --- [library-system] [main] j.LocalContainerEntityManagerFactoryBean : Initialized JPA EntityManagerFactory for persistence unit 'default'
2026-05-26T22:39:07.540+05:30  WARN 3840 --- [library-system] [main] JpaBaseConfiguration$JpaWebConfiguration : spring.jpa.open-in-view is enabled by default. Therefore, database queries may be performed during view rendering. Explicitly configure spring.jpa.open-in-view to disable this warning
2026-05-26T22:39:07.571+05:30  WARN 3840 --- [library-system] [main] .s.s.UserDetailsServiceAutoConfiguration : 

Using generated security password: 47d69eab-acee-4cc3-8338-8ba5587b029b

This generated password is for development use only. Your security configuration must be updated before running your application in production.

2026-05-26T22:39:07.595+05:30  INFO 3840 --- [library-system] [main] r$InitializeUserDetailsManagerConfigurer : Global AuthenticationManager configured with UserDetailsService bean with name inMemoryUserDetailsManager
2026-05-26T22:39:08.310+05:30  INFO 3840 --- [library-system] [main] o.s.b.w.embedded.tomcat.TomcatWebServer  : Tomcat started on port 9999 (http) with context path '/'
2026-05-26T22:39:08.325+05:30  INFO 3840 --- [library-system] [main] c.l.l.LibrarySystemApplication           : Started LibrarySystemApplication in 7.641 seconds (process running for 8.201)
2026-05-26T22:39:17.133+05:30  INFO 3840 --- [library-system] [http-nio-9999-exec-2] o.a.c.c.C.[Tomcat].[localhost].[/]       : Initializing Spring DispatcherServlet 'dispatcherServlet'
2026-05-26T22:39:17.134+05:30  INFO 3840 --- [library-system] [http-nio-9999-exec-2] o.s.web.servlet.DispatcherServlet        : Initializing Servlet 'dispatcherServlet'
2026-05-26T22:39:17.145+05:30  INFO 3840 --- [library-system] [http-nio-9999-exec-2] o.s.web.servlet.DispatcherServlet        : Completed initialization in 9 ms
2026-05-26T22:40:04.404+05:30  INFO 18152 --- [library-system] [main] c.l.l.LibrarySystemApplication           : Starting LibrarySystemApplication using Java 21.0.6 with PID 18152 (D:\Projects\LMS\lms-library\target\classes started by Mohamed Mubeen in D:\Projects\LMS\lms-library)
2026-05-26T22:40:04.407+05:30  INFO 18152 --- [library-system] [main] c.l.l.LibrarySystemApplication           : No active profile set, falling back to 1 default profile: "default"
2026-05-26T22:40:05.892+05:30  INFO 18152 --- [library-system] [main] .s.d.r.c.RepositoryConfigurationDelegate : Bootstrapping Spring Data JPA repositories in DEFAULT mode.
2026-05-26T22:40:06.030+05:30  INFO 18152 --- [library-system] [main] .s.d.r.c.RepositoryConfigurationDelegate : Finished Spring Data repository scanning in 122 ms. Found 2 JPA repository interfaces.
2026-05-26T22:40:06.962+05:30  INFO 18152 --- [library-system] [main] o.s.b.w.embedded.tomcat.TomcatWebServer  : Tomcat initialized with port 9999 (http)
2026-05-26T22:40:06.982+05:30  INFO 18152 --- [library-system] [main] o.apache.catalina.core.StandardService   : Starting service [Tomcat]
2026-05-26T22:40:06.983+05:30  INFO 18152 --- [library-system] [main] o.apache.catalina.core.StandardEngine    : Starting Servlet engine: [Apache Tomcat/10.1.40]
2026-05-26T22:40:07.067+05:30  INFO 18152 --- [library-system] [main] o.a.c.c.C.[Tomcat].[localhost].[/]       : Initializing Spring embedded WebApplicationContext
2026-05-26T22:40:07.070+05:30  INFO 18152 --- [library-system] [main] w.s.c.ServletWebServerApplicationContext : Root WebApplicationContext: initialization completed in 2595 ms
2026-05-26T22:40:07.359+05:30  INFO 18152 --- [library-system] [main] o.hibernate.jpa.internal.util.LogHelper  : HHH000204: Processing PersistenceUnitInfo [name: default]
2026-05-26T22:40:07.424+05:30  INFO 18152 --- [library-system] [main] org.hibernate.Version                    : HHH000412: Hibernate ORM core version 6.6.13.Final
2026-05-26T22:40:07.478+05:30  INFO 18152 --- [library-system] [main] o.h.c.internal.RegionFactoryInitiator    : HHH000026: Second-level cache disabled
2026-05-26T22:40:07.910+05:30  INFO 18152 --- [library-system] [main] o.s.o.j.p.SpringPersistenceUnitInfo      : No LoadTimeWeaver setup: ignoring JPA class transformer
2026-05-26T22:40:07.948+05:30  INFO 18152 --- [library-system] [main] com.zaxxer.hikari.HikariDataSource       : HikariPool-1 - Starting...
2026-05-26T22:40:08.443+05:30  INFO 18152 --- [library-system] [main] com.zaxxer.hikari.pool.HikariPool        : HikariPool-1 - Added connection com.mysql.cj.jdbc.ConnectionImpl@750e2d33
2026-05-26T22:40:08.446+05:30  INFO 18152 --- [library-system] [main] com.zaxxer.hikari.HikariDataSource       : HikariPool-1 - Start completed.
2026-05-26T22:40:08.588+05:30  INFO 18152 --- [library-system] [main] org.hibernate.orm.connections.pooling    : HHH10001005: Database info:
	Database JDBC URL [Connecting through datasource 'HikariDataSource (HikariPool-1)']
	Database driver: undefined/unknown
	Database version: 8.0.46
	Autocommit mode: undefined/unknown
	Isolation level: undefined/unknown
	Minimum pool size: undefined/unknown
	Maximum pool size: undefined/unknown
2026-05-26T22:40:09.884+05:30  INFO 18152 --- [library-system] [main] o.h.e.t.j.p.i.JtaPlatformInitiator       : HHH000489: No JTA platform available (set 'hibernate.transaction.jta.platform' to enable JTA platform integration)
2026-05-26T22:40:10.054+05:30  INFO 18152 --- [library-system] [main] j.LocalContainerEntityManagerFactoryBean : Initialized JPA EntityManagerFactory for persistence unit 'default'
2026-05-26T22:40:10.478+05:30  WARN 18152 --- [library-system] [main] JpaBaseConfiguration$JpaWebConfiguration : spring.jpa.open-in-view is enabled by default. Therefore, database queries may be performed during view rendering. Explicitly configure spring.jpa.open-in-view to disable this warning
2026-05-26T22:40:10.507+05:30  WARN 18152 --- [library-system] [main] .s.s.UserDetailsServiceAutoConfiguration : 

Using generated security password: 67d832e0-5d8f-42a4-900d-831dcd041b34

This generated password is for development use only. Your security configuration must be updated before running your application in production.

2026-05-26T22:40:10.526+05:30  INFO 18152 --- [library-system] [main] r$InitializeUserDetailsManagerConfigurer : Global AuthenticationManager configured with UserDetailsService bean with name inMemoryUserDetailsManager
2026-05-26T22:40:11.188+05:30  WARN 18152 --- [library-system] [main] ConfigServletWebServerApplicationContext : Exception encountered during context initialization - cancelling refresh attempt: org.springframework.context.ApplicationContextException: Failed to start bean 'webServerStartStop'
2026-05-26T22:40:11.198+05:30  INFO 18152 --- [library-system] [main] j.LocalContainerEntityManagerFactoryBean : Closing JPA EntityManagerFactory for persistence unit 'default'
2026-05-26T22:40:11.207+05:30  INFO 18152 --- [library-system] [main] com.zaxxer.hikari.HikariDataSource       : HikariPool-1 - Shutdown initiated...
2026-05-26T22:40:11.238+05:30  INFO 18152 --- [library-system] [main] com.zaxxer.hikari.HikariDataSource       : HikariPool-1 - Shutdown completed.
2026-05-26T22:40:11.264+05:30  INFO 18152 --- [library-system] [main] .s.b.a.l.ConditionEvaluationReportLogger : 

Error starting ApplicationContext. To display the condition evaluation report re-run your application with 'debug' enabled.
2026-05-26T22:40:11.317+05:30 ERROR 18152 --- [library-system] [main] o.s.b.d.LoggingFailureAnalysisReporter   : 

***************************
APPLICATION FAILED TO START
***************************

Description:

Web server failed to start. Port 9999 was already in use.

Action:

Identify and stop the process that's listening on port 9999 or configure this application to listen on another port.

2026-05-26T22:40:31.900+05:30  INFO 20200 --- [library-system] [main] c.l.l.LibrarySystemApplication           : Starting LibrarySystemApplication using Java 21.0.6 with PID 20200 (D:\Projects\LMS\lms-library\target\classes started by Mohamed Mubeen in D:\Projects\LMS\lms-library)
2026-05-26T22:40:31.906+05:30  INFO 20200 --- [library-system] [main] c.l.l.LibrarySystemApplication           : No active profile set, falling back to 1 default profile: "default"
2026-05-26T22:40:33.185+05:30  INFO 20200 --- [library-system] [main] .s.d.r.c.RepositoryConfigurationDelegate : Bootstrapping Spring Data JPA repositories in DEFAULT mode.
2026-05-26T22:40:33.277+05:30  INFO 20200 --- [library-system] [main] .s.d.r.c.RepositoryConfigurationDelegate : Finished Spring Data repository scanning in 78 ms. Found 2 JPA repository interfaces.
2026-05-26T22:40:34.034+05:30  INFO 20200 --- [library-system] [main] o.s.b.w.embedded.tomcat.TomcatWebServer  : Tomcat initialized with port 9999 (http)
2026-05-26T22:40:34.058+05:30  INFO 20200 --- [library-system] [main] o.apache.catalina.core.StandardService   : Starting service [Tomcat]
2026-05-26T22:40:34.059+05:30  INFO 20200 --- [library-system] [main] o.apache.catalina.core.StandardEngine    : Starting Servlet engine: [Apache Tomcat/10.1.40]
2026-05-26T22:40:34.168+05:30  INFO 20200 --- [library-system] [main] o.a.c.c.C.[Tomcat].[localhost].[/]       : Initializing Spring embedded WebApplicationContext
2026-05-26T22:40:34.168+05:30  INFO 20200 --- [library-system] [main] w.s.c.ServletWebServerApplicationContext : Root WebApplicationContext: initialization completed in 2194 ms
2026-05-26T22:40:34.385+05:30  INFO 20200 --- [library-system] [main] o.hibernate.jpa.internal.util.LogHelper  : HHH000204: Processing PersistenceUnitInfo [name: default]
2026-05-26T22:40:34.446+05:30  INFO 20200 --- [library-system] [main] org.hibernate.Version                    : HHH000412: Hibernate ORM core version 6.6.13.Final
2026-05-26T22:40:34.493+05:30  INFO 20200 --- [library-system] [main] o.h.c.internal.RegionFactoryInitiator    : HHH000026: Second-level cache disabled
2026-05-26T22:40:34.846+05:30  INFO 20200 --- [library-system] [main] o.s.o.j.p.SpringPersistenceUnitInfo      : No LoadTimeWeaver setup: ignoring JPA class transformer
2026-05-26T22:40:34.896+05:30  INFO 20200 --- [library-system] [main] com.zaxxer.hikari.HikariDataSource       : HikariPool-1 - Starting...
2026-05-26T22:40:35.395+05:30  INFO 20200 --- [library-system] [main] com.zaxxer.hikari.pool.HikariPool        : HikariPool-1 - Added connection com.mysql.cj.jdbc.ConnectionImpl@485c84d7
2026-05-26T22:40:35.400+05:30  INFO 20200 --- [library-system] [main] com.zaxxer.hikari.HikariDataSource       : HikariPool-1 - Start completed.
2026-05-26T22:40:35.580+05:30  INFO 20200 --- [library-system] [main] org.hibernate.orm.connections.pooling    : HHH10001005: Database info:
	Database JDBC URL [Connecting through datasource 'HikariDataSource (HikariPool-1)']
	Database driver: undefined/unknown
	Database version: 8.0.46
	Autocommit mode: undefined/unknown
	Isolation level: undefined/unknown
	Minimum pool size: undefined/unknown
	Maximum pool size: undefined/unknown
2026-05-26T22:40:36.892+05:30  INFO 20200 --- [library-system] [main] o.h.e.t.j.p.i.JtaPlatformInitiator       : HHH000489: No JTA platform available (set 'hibernate.transaction.jta.platform' to enable JTA platform integration)
2026-05-26T22:40:37.037+05:30  INFO 20200 --- [library-system] [main] j.LocalContainerEntityManagerFactoryBean : Initialized JPA EntityManagerFactory for persistence unit 'default'
2026-05-26T22:40:37.520+05:30  WARN 20200 --- [library-system] [main] JpaBaseConfiguration$JpaWebConfiguration : spring.jpa.open-in-view is enabled by default. Therefore, database queries may be performed during view rendering. Explicitly configure spring.jpa.open-in-view to disable this warning
2026-05-26T22:40:37.560+05:30  WARN 20200 --- [library-system] [main] .s.s.UserDetailsServiceAutoConfiguration : 

Using generated security password: fdc9ef9b-c51c-4dd5-b18b-9d373cf3a4a4

This generated password is for development use only. Your security configuration must be updated before running your application in production.

2026-05-26T22:40:37.593+05:30  INFO 20200 --- [library-system] [main] r$InitializeUserDetailsManagerConfigurer : Global AuthenticationManager configured with UserDetailsService bean with name inMemoryUserDetailsManager
2026-05-26T22:40:38.318+05:30  INFO 20200 --- [library-system] [main] o.s.b.w.embedded.tomcat.TomcatWebServer  : Tomcat started on port 9999 (http) with context path '/'
2026-05-26T22:40:38.333+05:30  INFO 20200 --- [library-system] [main] c.l.l.LibrarySystemApplication           : Started LibrarySystemApplication in 7.121 seconds (process running for 7.603)
2026-05-26T22:40:43.403+05:30  INFO 20200 --- [library-system] [http-nio-9999-exec-1] o.a.c.c.C.[Tomcat].[localhost].[/]       : Initializing Spring DispatcherServlet 'dispatcherServlet'
2026-05-26T22:40:43.405+05:30  INFO 20200 --- [library-system] [http-nio-9999-exec-1] o.s.web.servlet.DispatcherServlet        : Initializing Servlet 'dispatcherServlet'
2026-05-26T22:40:43.422+05:30  INFO 20200 --- [library-system] [http-nio-9999-exec-1] o.s.web.servlet.DispatcherServlet        : Completed initialization in 13 ms
2026-05-26T22:46:02.266+05:30  INFO 16692 --- [library-system] [main] c.l.l.LibrarySystemApplication           : Starting LibrarySystemApplication using Java 21.0.6 with PID 16692 (D:\Projects\LMS\lms-library\target\classes started by Mohamed Mubeen in D:\Projects\LMS\lms-library)
2026-05-26T22:46:02.270+05:30  INFO 16692 --- [library-system] [main] c.l.l.LibrarySystemApplication           : No active profile set, falling back to 1 default profile: "default"
2026-05-26T22:46:03.418+05:30  INFO 16692 --- [library-system] [main] .s.d.r.c.RepositoryConfigurationDelegate : Bootstrapping Spring Data JPA repositories in DEFAULT mode.
2026-05-26T22:46:03.513+05:30  INFO 16692 --- [library-system] [main] .s.d.r.c.RepositoryConfigurationDelegate : Finished Spring Data repository scanning in 80 ms. Found 2 JPA repository interfaces.
2026-05-26T22:46:04.440+05:30  INFO 16692 --- [library-system] [main] o.s.b.w.embedded.tomcat.TomcatWebServer  : Tomcat initialized with port 9999 (http)
2026-05-26T22:46:04.468+05:30  INFO 16692 --- [library-system] [main] o.apache.catalina.core.StandardService   : Starting service [Tomcat]
2026-05-26T22:46:04.469+05:30  INFO 16692 --- [library-system] [main] o.apache.catalina.core.StandardEngine    : Starting Servlet engine: [Apache Tomcat/10.1.40]
2026-05-26T22:46:04.658+05:30  INFO 16692 --- [library-system] [main] o.a.c.c.C.[Tomcat].[localhost].[/]       : Initializing Spring embedded WebApplicationContext
2026-05-26T22:46:04.659+05:30  INFO 16692 --- [library-system] [main] w.s.c.ServletWebServerApplicationContext : Root WebApplicationContext: initialization completed in 2328 ms
2026-05-26T22:46:04.900+05:30  INFO 16692 --- [library-system] [main] o.hibernate.jpa.internal.util.LogHelper  : HHH000204: Processing PersistenceUnitInfo [name: default]
2026-05-26T22:46:04.977+05:30  INFO 16692 --- [library-system] [main] org.hibernate.Version                    : HHH000412: Hibernate ORM core version 6.6.13.Final
2026-05-26T22:46:05.029+05:30  INFO 16692 --- [library-system] [main] o.h.c.internal.RegionFactoryInitiator    : HHH000026: Second-level cache disabled
2026-05-26T22:46:05.420+05:30  INFO 16692 --- [library-system] [main] o.s.o.j.p.SpringPersistenceUnitInfo      : No LoadTimeWeaver setup: ignoring JPA class transformer
2026-05-26T22:46:05.456+05:30  INFO 16692 --- [library-system] [main] com.zaxxer.hikari.HikariDataSource       : HikariPool-1 - Starting...
2026-05-26T22:46:05.965+05:30  INFO 16692 --- [library-system] [main] com.zaxxer.hikari.pool.HikariPool        : HikariPool-1 - Added connection com.mysql.cj.jdbc.ConnectionImpl@750e2d33
2026-05-26T22:46:05.969+05:30  INFO 16692 --- [library-system] [main] com.zaxxer.hikari.HikariDataSource       : HikariPool-1 - Start completed.
2026-05-26T22:46:06.137+05:30  INFO 16692 --- [library-system] [main] org.hibernate.orm.connections.pooling    : HHH10001005: Database info:
	Database JDBC URL [Connecting through datasource 'HikariDataSource (HikariPool-1)']
	Database driver: undefined/unknown
	Database version: 8.0.46
	Autocommit mode: undefined/unknown
	Isolation level: undefined/unknown
	Minimum pool size: undefined/unknown
	Maximum pool size: undefined/unknown
2026-05-26T22:46:07.490+05:30  INFO 16692 --- [library-system] [main] o.h.e.t.j.p.i.JtaPlatformInitiator       : HHH000489: No JTA platform available (set 'hibernate.transaction.jta.platform' to enable JTA platform integration)
2026-05-26T22:46:07.575+05:30  INFO 16692 --- [library-system] [main] j.LocalContainerEntityManagerFactoryBean : Initialized JPA EntityManagerFactory for persistence unit 'default'
2026-05-26T22:46:07.957+05:30  WARN 16692 --- [library-system] [main] JpaBaseConfiguration$JpaWebConfiguration : spring.jpa.open-in-view is enabled by default. Therefore, database queries may be performed during view rendering. Explicitly configure spring.jpa.open-in-view to disable this warning
2026-05-26T22:46:07.982+05:30  WARN 16692 --- [library-system] [main] .s.s.UserDetailsServiceAutoConfiguration : 

Using generated security password: 2ab63492-6159-45a7-a59c-156971789b73

This generated password is for development use only. Your security configuration must be updated before running your application in production.

2026-05-26T22:46:08.008+05:30  INFO 16692 --- [library-system] [main] r$InitializeUserDetailsManagerConfigurer : Global AuthenticationManager configured with UserDetailsService bean with name inMemoryUserDetailsManager
2026-05-26T22:46:08.649+05:30  WARN 16692 --- [library-system] [main] ConfigServletWebServerApplicationContext : Exception encountered during context initialization - cancelling refresh attempt: org.springframework.context.ApplicationContextException: Failed to start bean 'webServerStartStop'
2026-05-26T22:46:08.654+05:30  INFO 16692 --- [library-system] [main] j.LocalContainerEntityManagerFactoryBean : Closing JPA EntityManagerFactory for persistence unit 'default'
2026-05-26T22:46:08.658+05:30  INFO 16692 --- [library-system] [main] com.zaxxer.hikari.HikariDataSource       : HikariPool-1 - Shutdown initiated...
2026-05-26T22:46:08.685+05:30  INFO 16692 --- [library-system] [main] com.zaxxer.hikari.HikariDataSource       : HikariPool-1 - Shutdown completed.
2026-05-26T22:46:08.705+05:30  INFO 16692 --- [library-system] [main] .s.b.a.l.ConditionEvaluationReportLogger : 

Error starting ApplicationContext. To display the condition evaluation report re-run your application with 'debug' enabled.
2026-05-26T22:46:08.732+05:30 ERROR 16692 --- [library-system] [main] o.s.b.d.LoggingFailureAnalysisReporter   : 

***************************
APPLICATION FAILED TO START
***************************

Description:

Web server failed to start. Port 9999 was already in use.

Action:

Identify and stop the process that's listening on port 9999 or configure this application to listen on another port.

2026-05-26T22:46:18.059+05:30  INFO 9212 --- [library-system] [main] c.l.l.LibrarySystemApplication           : Starting LibrarySystemApplication using Java 21.0.6 with PID 9212 (D:\Projects\LMS\lms-library\target\classes started by Mohamed Mubeen in D:\Projects\LMS\lms-library)
2026-05-26T22:46:18.062+05:30  INFO 9212 --- [library-system] [main] c.l.l.LibrarySystemApplication           : No active profile set, falling back to 1 default profile: "default"
2026-05-26T22:46:19.139+05:30  INFO 9212 --- [library-system] [main] .s.d.r.c.RepositoryConfigurationDelegate : Bootstrapping Spring Data JPA repositories in DEFAULT mode.
2026-05-26T22:46:19.234+05:30  INFO 9212 --- [library-system] [main] .s.d.r.c.RepositoryConfigurationDelegate : Finished Spring Data repository scanning in 79 ms. Found 2 JPA repository interfaces.
2026-05-26T22:46:20.038+05:30  INFO 9212 --- [library-system] [main] o.s.b.w.embedded.tomcat.TomcatWebServer  : Tomcat initialized with port 9999 (http)
2026-05-26T22:46:20.056+05:30  INFO 9212 --- [library-system] [main] o.apache.catalina.core.StandardService   : Starting service [Tomcat]
2026-05-26T22:46:20.057+05:30  INFO 9212 --- [library-system] [main] o.apache.catalina.core.StandardEngine    : Starting Servlet engine: [Apache Tomcat/10.1.40]
2026-05-26T22:46:20.188+05:30  INFO 9212 --- [library-system] [main] o.a.c.c.C.[Tomcat].[localhost].[/]       : Initializing Spring embedded WebApplicationContext
2026-05-26T22:46:20.190+05:30  INFO 9212 --- [library-system] [main] w.s.c.ServletWebServerApplicationContext : Root WebApplicationContext: initialization completed in 2067 ms
2026-05-26T22:46:20.459+05:30  INFO 9212 --- [library-system] [main] o.hibernate.jpa.internal.util.LogHelper  : HHH000204: Processing PersistenceUnitInfo [name: default]
2026-05-26T22:46:20.522+05:30  INFO 9212 --- [library-system] [main] org.hibernate.Version                    : HHH000412: Hibernate ORM core version 6.6.13.Final
2026-05-26T22:46:20.572+05:30  INFO 9212 --- [library-system] [main] o.h.c.internal.RegionFactoryInitiator    : HHH000026: Second-level cache disabled
2026-05-26T22:46:20.938+05:30  INFO 9212 --- [library-system] [main] o.s.o.j.p.SpringPersistenceUnitInfo      : No LoadTimeWeaver setup: ignoring JPA class transformer
2026-05-26T22:46:20.976+05:30  INFO 9212 --- [library-system] [main] com.zaxxer.hikari.HikariDataSource       : HikariPool-1 - Starting...
2026-05-26T22:46:21.482+05:30  INFO 9212 --- [library-system] [main] com.zaxxer.hikari.pool.HikariPool        : HikariPool-1 - Added connection com.mysql.cj.jdbc.ConnectionImpl@214fba74
2026-05-26T22:46:21.485+05:30  INFO 9212 --- [library-system] [main] com.zaxxer.hikari.HikariDataSource       : HikariPool-1 - Start completed.
2026-05-26T22:46:21.590+05:30  INFO 9212 --- [library-system] [main] org.hibernate.orm.connections.pooling    : HHH10001005: Database info:
	Database JDBC URL [Connecting through datasource 'HikariDataSource (HikariPool-1)']
	Database driver: undefined/unknown
	Database version: 8.0.46
	Autocommit mode: undefined/unknown
	Isolation level: undefined/unknown
	Minimum pool size: undefined/unknown
	Maximum pool size: undefined/unknown
2026-05-26T22:46:22.784+05:30  INFO 9212 --- [library-system] [main] o.h.e.t.j.p.i.JtaPlatformInitiator       : HHH000489: No JTA platform available (set 'hibernate.transaction.jta.platform' to enable JTA platform integration)
2026-05-26T22:46:22.910+05:30  INFO 9212 --- [library-system] [main] j.LocalContainerEntityManagerFactoryBean : Initialized JPA EntityManagerFactory for persistence unit 'default'
2026-05-26T22:46:23.309+05:30  WARN 9212 --- [library-system] [main] JpaBaseConfiguration$JpaWebConfiguration : spring.jpa.open-in-view is enabled by default. Therefore, database queries may be performed during view rendering. Explicitly configure spring.jpa.open-in-view to disable this warning
2026-05-26T22:46:23.339+05:30  WARN 9212 --- [library-system] [main] .s.s.UserDetailsServiceAutoConfiguration : 

Using generated security password: 9ba960e2-b353-4129-9280-3ad7d1502cdc

This generated password is for development use only. Your security configuration must be updated before running your application in production.

2026-05-26T22:46:23.364+05:30  INFO 9212 --- [library-system] [main] r$InitializeUserDetailsManagerConfigurer : Global AuthenticationManager configured with UserDetailsService bean with name inMemoryUserDetailsManager
2026-05-26T22:46:24.016+05:30  INFO 9212 --- [library-system] [main] o.s.b.w.embedded.tomcat.TomcatWebServer  : Tomcat started on port 9999 (http) with context path '/'
2026-05-26T22:46:24.030+05:30  INFO 9212 --- [library-system] [main] c.l.l.LibrarySystemApplication           : Started LibrarySystemApplication in 6.616 seconds (process running for 7.117)
2026-05-26T22:46:33.548+05:30  INFO 9212 --- [library-system] [http-nio-9999-exec-3] o.a.c.c.C.[Tomcat].[localhost].[/]       : Initializing Spring DispatcherServlet 'dispatcherServlet'
2026-05-26T22:46:33.549+05:30  INFO 9212 --- [library-system] [http-nio-9999-exec-3] o.s.web.servlet.DispatcherServlet        : Initializing Servlet 'dispatcherServlet'
2026-05-26T22:46:33.563+05:30  INFO 9212 --- [library-system] [http-nio-9999-exec-3] o.s.web.servlet.DispatcherServlet        : Completed initialization in 13 ms
2026-05-26T22:52:23.304+05:30  INFO 19564 --- [library-system] [main] c.l.l.LibrarySystemApplication           : Starting LibrarySystemApplication using Java 21.0.6 with PID 19564 (D:\Projects\LMS\lms-library\target\classes started by Mohamed Mubeen in D:\Projects\LMS\lms-library)
2026-05-26T22:52:23.308+05:30  INFO 19564 --- [library-system] [main] c.l.l.LibrarySystemApplication           : No active profile set, falling back to 1 default profile: "default"
2026-05-26T22:52:24.511+05:30  INFO 19564 --- [library-system] [main] .s.d.r.c.RepositoryConfigurationDelegate : Bootstrapping Spring Data JPA repositories in DEFAULT mode.
2026-05-26T22:52:24.596+05:30  INFO 19564 --- [library-system] [main] .s.d.r.c.RepositoryConfigurationDelegate : Finished Spring Data repository scanning in 71 ms. Found 2 JPA repository interfaces.
2026-05-26T22:52:25.369+05:30  INFO 19564 --- [library-system] [main] o.s.b.w.embedded.tomcat.TomcatWebServer  : Tomcat initialized with port 9999 (http)
2026-05-26T22:52:25.390+05:30  INFO 19564 --- [library-system] [main] o.apache.catalina.core.StandardService   : Starting service [Tomcat]
2026-05-26T22:52:25.390+05:30  INFO 19564 --- [library-system] [main] o.apache.catalina.core.StandardEngine    : Starting Servlet engine: [Apache Tomcat/10.1.40]
2026-05-26T22:52:25.483+05:30  INFO 19564 --- [library-system] [main] o.a.c.c.C.[Tomcat].[localhost].[/]       : Initializing Spring embedded WebApplicationContext
2026-05-26T22:52:25.483+05:30  INFO 19564 --- [library-system] [main] w.s.c.ServletWebServerApplicationContext : Root WebApplicationContext: initialization completed in 2112 ms
2026-05-26T22:52:25.728+05:30  INFO 19564 --- [library-system] [main] o.hibernate.jpa.internal.util.LogHelper  : HHH000204: Processing PersistenceUnitInfo [name: default]
2026-05-26T22:52:25.793+05:30  INFO 19564 --- [library-system] [main] org.hibernate.Version                    : HHH000412: Hibernate ORM core version 6.6.13.Final
2026-05-26T22:52:25.843+05:30  INFO 19564 --- [library-system] [main] o.h.c.internal.RegionFactoryInitiator    : HHH000026: Second-level cache disabled
2026-05-26T22:52:26.237+05:30  INFO 19564 --- [library-system] [main] o.s.o.j.p.SpringPersistenceUnitInfo      : No LoadTimeWeaver setup: ignoring JPA class transformer
2026-05-26T22:52:26.281+05:30  INFO 19564 --- [library-system] [main] com.zaxxer.hikari.HikariDataSource       : HikariPool-1 - Starting...
2026-05-26T22:52:26.831+05:30  INFO 19564 --- [library-system] [main] com.zaxxer.hikari.pool.HikariPool        : HikariPool-1 - Added connection com.mysql.cj.jdbc.ConnectionImpl@750e2d33
2026-05-26T22:52:26.834+05:30  INFO 19564 --- [library-system] [main] com.zaxxer.hikari.HikariDataSource       : HikariPool-1 - Start completed.
2026-05-26T22:52:26.984+05:30  INFO 19564 --- [library-system] [main] org.hibernate.orm.connections.pooling    : HHH10001005: Database info:
	Database JDBC URL [Connecting through datasource 'HikariDataSource (HikariPool-1)']
	Database driver: undefined/unknown
	Database version: 8.0.46
	Autocommit mode: undefined/unknown
	Isolation level: undefined/unknown
	Minimum pool size: undefined/unknown
	Maximum pool size: undefined/unknown
2026-05-26T22:52:28.314+05:30  INFO 19564 --- [library-system] [main] o.h.e.t.j.p.i.JtaPlatformInitiator       : HHH000489: No JTA platform available (set 'hibernate.transaction.jta.platform' to enable JTA platform integration)
2026-05-26T22:52:28.470+05:30  INFO 19564 --- [library-system] [main] j.LocalContainerEntityManagerFactoryBean : Initialized JPA EntityManagerFactory for persistence unit 'default'
2026-05-26T22:52:28.944+05:30  WARN 19564 --- [library-system] [main] JpaBaseConfiguration$JpaWebConfiguration : spring.jpa.open-in-view is enabled by default. Therefore, database queries may be performed during view rendering. Explicitly configure spring.jpa.open-in-view to disable this warning
2026-05-26T22:52:28.978+05:30  WARN 19564 --- [library-system] [main] .s.s.UserDetailsServiceAutoConfiguration : 

Using generated security password: c64fefec-f449-4e9f-b74c-73a0f5e2954a

This generated password is for development use only. Your security configuration must be updated before running your application in production.

2026-05-26T22:52:29.000+05:30  INFO 19564 --- [library-system] [main] r$InitializeUserDetailsManagerConfigurer : Global AuthenticationManager configured with UserDetailsService bean with name inMemoryUserDetailsManager
2026-05-26T22:52:29.696+05:30  WARN 19564 --- [library-system] [main] ConfigServletWebServerApplicationContext : Exception encountered during context initialization - cancelling refresh attempt: org.springframework.context.ApplicationContextException: Failed to start bean 'webServerStartStop'
2026-05-26T22:52:29.700+05:30  INFO 19564 --- [library-system] [main] j.LocalContainerEntityManagerFactoryBean : Closing JPA EntityManagerFactory for persistence unit 'default'
2026-05-26T22:52:29.705+05:30  INFO 19564 --- [library-system] [main] com.zaxxer.hikari.HikariDataSource       : HikariPool-1 - Shutdown initiated...
2026-05-26T22:52:29.734+05:30  INFO 19564 --- [library-system] [main] com.zaxxer.hikari.HikariDataSource       : HikariPool-1 - Shutdown completed.
2026-05-26T22:52:29.763+05:30  INFO 19564 --- [library-system] [main] .s.b.a.l.ConditionEvaluationReportLogger : 

Error starting ApplicationContext. To display the condition evaluation report re-run your application with 'debug' enabled.
2026-05-26T22:52:29.794+05:30 ERROR 19564 --- [library-system] [main] o.s.b.d.LoggingFailureAnalysisReporter   : 

***************************
APPLICATION FAILED TO START
***************************

Description:

Web server failed to start. Port 9999 was already in use.

Action:

Identify and stop the process that's listening on port 9999 or configure this application to listen on another port.

2026-05-26T22:52:43.624+05:30  INFO 10320 --- [library-system] [main] c.l.l.LibrarySystemApplication           : Starting LibrarySystemApplication using Java 21.0.6 with PID 10320 (D:\Projects\LMS\lms-library\target\classes started by Mohamed Mubeen in D:\Projects\LMS\lms-library)
2026-05-26T22:52:43.631+05:30  INFO 10320 --- [library-system] [main] c.l.l.LibrarySystemApplication           : No active profile set, falling back to 1 default profile: "default"
2026-05-26T22:52:44.887+05:30  INFO 10320 --- [library-system] [main] .s.d.r.c.RepositoryConfigurationDelegate : Bootstrapping Spring Data JPA repositories in DEFAULT mode.
2026-05-26T22:52:44.990+05:30  INFO 10320 --- [library-system] [main] .s.d.r.c.RepositoryConfigurationDelegate : Finished Spring Data repository scanning in 86 ms. Found 2 JPA repository interfaces.
2026-05-26T22:52:45.814+05:30  INFO 10320 --- [library-system] [main] o.s.b.w.embedded.tomcat.TomcatWebServer  : Tomcat initialized with port 9999 (http)
2026-05-26T22:52:45.833+05:30  INFO 10320 --- [library-system] [main] o.apache.catalina.core.StandardService   : Starting service [Tomcat]
2026-05-26T22:52:45.833+05:30  INFO 10320 --- [library-system] [main] o.apache.catalina.core.StandardEngine    : Starting Servlet engine: [Apache Tomcat/10.1.40]
2026-05-26T22:52:45.917+05:30  INFO 10320 --- [library-system] [main] o.a.c.c.C.[Tomcat].[localhost].[/]       : Initializing Spring embedded WebApplicationContext
2026-05-26T22:52:45.917+05:30  INFO 10320 --- [library-system] [main] w.s.c.ServletWebServerApplicationContext : Root WebApplicationContext: initialization completed in 2217 ms
2026-05-26T22:52:46.165+05:30  INFO 10320 --- [library-system] [main] o.hibernate.jpa.internal.util.LogHelper  : HHH000204: Processing PersistenceUnitInfo [name: default]
2026-05-26T22:52:46.237+05:30  INFO 10320 --- [library-system] [main] org.hibernate.Version                    : HHH000412: Hibernate ORM core version 6.6.13.Final
2026-05-26T22:52:46.292+05:30  INFO 10320 --- [library-system] [main] o.h.c.internal.RegionFactoryInitiator    : HHH000026: Second-level cache disabled
2026-05-26T22:52:46.746+05:30  INFO 10320 --- [library-system] [main] o.s.o.j.p.SpringPersistenceUnitInfo      : No LoadTimeWeaver setup: ignoring JPA class transformer
2026-05-26T22:52:46.800+05:30  INFO 10320 --- [library-system] [main] com.zaxxer.hikari.HikariDataSource       : HikariPool-1 - Starting...
2026-05-26T22:52:47.370+05:30  INFO 10320 --- [library-system] [main] com.zaxxer.hikari.pool.HikariPool        : HikariPool-1 - Added connection com.mysql.cj.jdbc.ConnectionImpl@750e2d33
2026-05-26T22:52:47.374+05:30  INFO 10320 --- [library-system] [main] com.zaxxer.hikari.HikariDataSource       : HikariPool-1 - Start completed.
2026-05-26T22:52:47.512+05:30  INFO 10320 --- [library-system] [main] org.hibernate.orm.connections.pooling    : HHH10001005: Database info:
	Database JDBC URL [Connecting through datasource 'HikariDataSource (HikariPool-1)']
	Database driver: undefined/unknown
	Database version: 8.0.46
	Autocommit mode: undefined/unknown
	Isolation level: undefined/unknown
	Minimum pool size: undefined/unknown
	Maximum pool size: undefined/unknown
2026-05-26T22:52:49.085+05:30  INFO 10320 --- [library-system] [main] o.h.e.t.j.p.i.JtaPlatformInitiator       : HHH000489: No JTA platform available (set 'hibernate.transaction.jta.platform' to enable JTA platform integration)
2026-05-26T22:52:49.175+05:30  INFO 10320 --- [library-system] [main] j.LocalContainerEntityManagerFactoryBean : Initialized JPA EntityManagerFactory for persistence unit 'default'
2026-05-26T22:52:49.624+05:30  WARN 10320 --- [library-system] [main] JpaBaseConfiguration$JpaWebConfiguration : spring.jpa.open-in-view is enabled by default. Therefore, database queries may be performed during view rendering. Explicitly configure spring.jpa.open-in-view to disable this warning
2026-05-26T22:52:49.666+05:30  WARN 10320 --- [library-system] [main] .s.s.UserDetailsServiceAutoConfiguration : 

Using generated security password: c77ec1e1-77f7-442e-8f0b-9de9bf607116

This generated password is for development use only. Your security configuration must be updated before running your application in production.

2026-05-26T22:52:49.695+05:30  INFO 10320 --- [library-system] [main] r$InitializeUserDetailsManagerConfigurer : Global AuthenticationManager configured with UserDetailsService bean with name inMemoryUserDetailsManager
2026-05-26T22:52:50.477+05:30  INFO 10320 --- [library-system] [main] o.s.b.w.embedded.tomcat.TomcatWebServer  : Tomcat started on port 9999 (http) with context path '/'
2026-05-26T22:52:50.491+05:30  INFO 10320 --- [library-system] [main] c.l.l.LibrarySystemApplication           : Started LibrarySystemApplication in 7.524 seconds (process running for 8.027)
2026-05-26T22:52:59.355+05:30  INFO 10320 --- [library-system] [http-nio-9999-exec-2] o.a.c.c.C.[Tomcat].[localhost].[/]       : Initializing Spring DispatcherServlet 'dispatcherServlet'
2026-05-26T22:52:59.357+05:30  INFO 10320 --- [library-system] [http-nio-9999-exec-2] o.s.web.servlet.DispatcherServlet        : Initializing Servlet 'dispatcherServlet'
2026-05-26T22:52:59.363+05:30  INFO 10320 --- [library-system] [http-nio-9999-exec-2] o.s.web.servlet.DispatcherServlet        : Completed initialization in 6 ms
2026-05-26T22:52:59.958+05:30 ERROR 10320 --- [library-system] [http-nio-9999-exec-2] o.a.c.c.C.[.[.[/].[dispatcherServlet]    : Servlet.service() for servlet [dispatcherServlet] in context with path [] threw exception [Request processing failed: io.jsonwebtoken.security.WeakKeyException: The signing key's size is 64 bits which is not secure enough for the HS256 algorithm.  The JWT JWA Specification (RFC 7518, Section 3.2) states that keys used with HS256 MUST have a size >= 256 bits (the key size must be greater than or equal to the hash output size).  Consider using the io.jsonwebtoken.security.Keys class's 'secretKeyFor(SignatureAlgorithm.HS256)' method to create a key guaranteed to be secure enough for HS256.  See https://tools.ietf.org/html/rfc7518#section-3.2 for more information.] with root cause

io.jsonwebtoken.security.WeakKeyException: The signing key's size is 64 bits which is not secure enough for the HS256 algorithm.  The JWT JWA Specification (RFC 7518, Section 3.2) states that keys used with HS256 MUST have a size >= 256 bits (the key size must be greater than or equal to the hash output size).  Consider using the io.jsonwebtoken.security.Keys class's 'secretKeyFor(SignatureAlgorithm.HS256)' method to create a key guaranteed to be secure enough for HS256.  See https://tools.ietf.org/html/rfc7518#section-3.2 for more information.
	at io.jsonwebtoken.SignatureAlgorithm.assertValid(SignatureAlgorithm.java:387) ~[jjwt-api-0.11.5.jar:0.11.5]
	at io.jsonwebtoken.SignatureAlgorithm.assertValidSigningKey(SignatureAlgorithm.java:315) ~[jjwt-api-0.11.5.jar:0.11.5]
	at io.jsonwebtoken.impl.DefaultJwtBuilder.signWith(DefaultJwtBuilder.java:112) ~[jjwt-impl-0.11.5.jar:0.11.5]
	at io.jsonwebtoken.impl.DefaultJwtBuilder.signWith(DefaultJwtBuilder.java:125) ~[jjwt-impl-0.11.5.jar:0.11.5]
	at io.jsonwebtoken.impl.DefaultJwtBuilder.signWith(DefaultJwtBuilder.java:133) ~[jjwt-impl-0.11.5.jar:0.11.5]
	at com.lms.library_system.security.JwtUtil.generateToken(JwtUtil.java:21) ~[classes/:na]
	at com.lms.library_system.controller.AuthController.login(AuthController.java:28) ~[classes/:na]
	at java.base/jdk.internal.reflect.DirectMethodHandleAccessor.invoke(DirectMethodHandleAccessor.java:103) ~[na:na]
	at java.base/java.lang.reflect.Method.invoke(Method.java:580) ~[na:na]
	at org.springframework.web.method.support.InvocableHandlerMethod.doInvoke(InvocableHandlerMethod.java:258) ~[spring-web-6.2.6.jar:6.2.6]
	at org.springframework.web.method.support.InvocableHandlerMethod.invokeForRequest(InvocableHandlerMethod.java:191) ~[spring-web-6.2.6.jar:6.2.6]
	at org.springframework.web.servlet.mvc.method.annotation.ServletInvocableHandlerMethod.invokeAndHandle(ServletInvocableHandlerMethod.java:118) ~[spring-webmvc-6.2.6.jar:6.2.6]
	at org.springframework.web.servlet.mvc.method.annotation.RequestMappingHandlerAdapter.invokeHandlerMethod(RequestMappingHandlerAdapter.java:986) ~[spring-webmvc-6.2.6.jar:6.2.6]
	at org.springframework.web.servlet.mvc.method.annotation.RequestMappingHandlerAdapter.handleInternal(RequestMappingHandlerAdapter.java:891) ~[spring-webmvc-6.2.6.jar:6.2.6]
	at org.springframework.web.servlet.mvc.method.AbstractHandlerMethodAdapter.handle(AbstractHandlerMethodAdapter.java:87) ~[spring-webmvc-6.2.6.jar:6.2.6]
	at org.springframework.web.servlet.DispatcherServlet.doDispatch(DispatcherServlet.java:1089) ~[spring-webmvc-6.2.6.jar:6.2.6]
	at org.springframework.web.servlet.DispatcherServlet.doService(DispatcherServlet.java:979) ~[spring-webmvc-6.2.6.jar:6.2.6]
	at org.springframework.web.servlet.FrameworkServlet.processRequest(FrameworkServlet.java:1014) ~[spring-webmvc-6.2.6.jar:6.2.6]
	at org.springframework.web.servlet.FrameworkServlet.doPost(FrameworkServlet.java:914) ~[spring-webmvc-6.2.6.jar:6.2.6]
	at jakarta.servlet.http.HttpServlet.service(HttpServlet.java:590) ~[tomcat-embed-core-10.1.40.jar:6.0]
	at org.springframework.web.servlet.FrameworkServlet.service(FrameworkServlet.java:885) ~[spring-webmvc-6.2.6.jar:6.2.6]
	at jakarta.servlet.http.HttpServlet.service(HttpServlet.java:658) ~[tomcat-embed-core-10.1.40.jar:6.0]
	at org.apache.catalina.core.ApplicationFilterChain.internalDoFilter(ApplicationFilterChain.java:195) ~[tomcat-embed-core-10.1.40.jar:10.1.40]
	at org.apache.catalina.core.ApplicationFilterChain.doFilter(ApplicationFilterChain.java:140) ~[tomcat-embed-core-10.1.40.jar:10.1.40]
	at org.apache.tomcat.websocket.server.WsFilter.doFilter(WsFilter.java:51) ~[tomcat-embed-websocket-10.1.40.jar:10.1.40]
	at org.apache.catalina.core.ApplicationFilterChain.internalDoFilter(ApplicationFilterChain.java:164) ~[tomcat-embed-core-10.1.40.jar:10.1.40]
	at org.apache.catalina.core.ApplicationFilterChain.doFilter(ApplicationFilterChain.java:140) ~[tomcat-embed-core-10.1.40.jar:10.1.40]
	at org.springframework.web.filter.CompositeFilter$VirtualFilterChain.doFilter(CompositeFilter.java:108) ~[spring-web-6.2.6.jar:6.2.6]
	at org.springframework.security.web.FilterChainProxy.lambda$doFilterInternal$3(FilterChainProxy.java:231) ~[spring-security-web-6.4.5.jar:6.4.5]
	at org.springframework.security.web.FilterChainProxy$VirtualFilterChain.doFilter(FilterChainProxy.java:365) ~[spring-security-web-6.4.5.jar:6.4.5]
	at org.springframework.security.web.access.intercept.AuthorizationFilter.doFilter(AuthorizationFilter.java:101) ~[spring-security-web-6.4.5.jar:6.4.5]
	at org.springframework.security.web.FilterChainProxy$VirtualFilterChain.doFilter(FilterChainProxy.java:374) ~[spring-security-web-6.4.5.jar:6.4.5]
	at org.springframework.security.web.access.ExceptionTranslationFilter.doFilter(ExceptionTranslationFilter.java:126) ~[spring-security-web-6.4.5.jar:6.4.5]
	at org.springframework.security.web.access.ExceptionTranslationFilter.doFilter(ExceptionTranslationFilter.java:120) ~[spring-security-web-6.4.5.jar:6.4.5]
	at org.springframework.security.web.FilterChainProxy$VirtualFilterChain.doFilter(FilterChainProxy.java:374) ~[spring-security-web-6.4.5.jar:6.4.5]
	at org.springframework.security.web.authentication.AnonymousAuthenticationFilter.doFilter(AnonymousAuthenticationFilter.java:100) ~[spring-security-web-6.4.5.jar:6.4.5]
	at org.springframework.security.web.FilterChainProxy$VirtualFilterChain.doFilter(FilterChainProxy.java:374) ~[spring-security-web-6.4.5.jar:6.4.5]
	at org.springframework.security.web.servletapi.SecurityContextHolderAwareRequestFilter.doFilter(SecurityContextHolderAwareRequestFilter.java:179) ~[spring-security-web-6.4.5.jar:6.4.5]
	at org.springframework.security.web.FilterChainProxy$VirtualFilterChain.doFilter(FilterChainProxy.java:374) ~[spring-security-web-6.4.5.jar:6.4.5]
	at org.springframework.security.web.savedrequest.RequestCacheAwareFilter.doFilter(RequestCacheAwareFilter.java:63) ~[spring-security-web-6.4.5.jar:6.4.5]
	at org.springframework.security.web.FilterChainProxy$VirtualFilterChain.doFilter(FilterChainProxy.java:374) ~[spring-security-web-6.4.5.jar:6.4.5]
	at org.springframework.security.web.authentication.logout.LogoutFilter.doFilter(LogoutFilter.java:107) ~[spring-security-web-6.4.5.jar:6.4.5]
	at org.springframework.security.web.authentication.logout.LogoutFilter.doFilter(LogoutFilter.java:93) ~[spring-security-web-6.4.5.jar:6.4.5]
	at org.springframework.security.web.FilterChainProxy$VirtualFilterChain.doFilter(FilterChainProxy.java:374) ~[spring-security-web-6.4.5.jar:6.4.5]
	at org.springframework.security.web.header.HeaderWriterFilter.doHeadersAfter(HeaderWriterFilter.java:90) ~[spring-security-web-6.4.5.jar:6.4.5]
	at org.springframework.security.web.header.HeaderWriterFilter.doFilterInternal(HeaderWriterFilter.java:75) ~[spring-security-web-6.4.5.jar:6.4.5]
	at org.springframework.web.filter.OncePerRequestFilter.doFilter(OncePerRequestFilter.java:116) ~[spring-web-6.2.6.jar:6.2.6]
	at org.springframework.security.web.FilterChainProxy$VirtualFilterChain.doFilter(FilterChainProxy.java:374) ~[spring-security-web-6.4.5.jar:6.4.5]
	at org.springframework.security.web.context.SecurityContextHolderFilter.doFilter(SecurityContextHolderFilter.java:82) ~[spring-security-web-6.4.5.jar:6.4.5]
	at org.springframework.security.web.context.SecurityContextHolderFilter.doFilter(SecurityContextHolderFilter.java:69) ~[spring-security-web-6.4.5.jar:6.4.5]
	at org.springframework.security.web.FilterChainProxy$VirtualFilterChain.doFilter(FilterChainProxy.java:374) ~[spring-security-web-6.4.5.jar:6.4.5]
	at org.springframework.security.web.context.request.async.WebAsyncManagerIntegrationFilter.doFilterInternal(WebAsyncManagerIntegrationFilter.java:62) ~[spring-security-web-6.4.5.jar:6.4.5]
	at org.springframework.web.filter.OncePerRequestFilter.doFilter(OncePerRequestFilter.java:116) ~[spring-web-6.2.6.jar:6.2.6]
	at org.springframework.security.web.FilterChainProxy$VirtualFilterChain.doFilter(FilterChainProxy.java:374) ~[spring-security-web-6.4.5.jar:6.4.5]
	at org.springframework.security.web.session.DisableEncodeUrlFilter.doFilterInternal(DisableEncodeUrlFilter.java:42) ~[spring-security-web-6.4.5.jar:6.4.5]
	at org.springframework.web.filter.OncePerRequestFilter.doFilter(OncePerRequestFilter.java:116) ~[spring-web-6.2.6.jar:6.2.6]
	at org.springframework.security.web.FilterChainProxy$VirtualFilterChain.doFilter(FilterChainProxy.java:374) ~[spring-security-web-6.4.5.jar:6.4.5]
	at org.springframework.security.web.FilterChainProxy.doFilterInternal(FilterChainProxy.java:233) ~[spring-security-web-6.4.5.jar:6.4.5]
	at org.springframework.security.web.FilterChainProxy.doFilter(FilterChainProxy.java:191) ~[spring-security-web-6.4.5.jar:6.4.5]
	at org.springframework.web.filter.CompositeFilter$VirtualFilterChain.doFilter(CompositeFilter.java:113) ~[spring-web-6.2.6.jar:6.2.6]
	at org.springframework.web.servlet.handler.HandlerMappingIntrospector.lambda$createCacheFilter$3(HandlerMappingIntrospector.java:243) ~[spring-webmvc-6.2.6.jar:6.2.6]
	at org.springframework.web.filter.CompositeFilter$VirtualFilterChain.doFilter(CompositeFilter.java:113) ~[spring-web-6.2.6.jar:6.2.6]
	at org.springframework.web.filter.CompositeFilter.doFilter(CompositeFilter.java:74) ~[spring-web-6.2.6.jar:6.2.6]
	at org.springframework.security.config.annotation.web.configuration.WebMvcSecurityConfiguration$CompositeFilterChainProxy.doFilter(WebMvcSecurityConfiguration.java:238) ~[spring-security-config-6.4.5.jar:6.4.5]
	at org.springframework.web.filter.DelegatingFilterProxy.invokeDelegate(DelegatingFilterProxy.java:362) ~[spring-web-6.2.6.jar:6.2.6]
	at org.springframework.web.filter.DelegatingFilterProxy.doFilter(DelegatingFilterProxy.java:278) ~[spring-web-6.2.6.jar:6.2.6]
	at org.apache.catalina.core.ApplicationFilterChain.internalDoFilter(ApplicationFilterChain.java:164) ~[tomcat-embed-core-10.1.40.jar:10.1.40]
	at org.apache.catalina.core.ApplicationFilterChain.doFilter(ApplicationFilterChain.java:140) ~[tomcat-embed-core-10.1.40.jar:10.1.40]
	at org.springframework.web.filter.RequestContextFilter.doFilterInternal(RequestContextFilter.java:100) ~[spring-web-6.2.6.jar:6.2.6]
	at org.springframework.web.filter.OncePerRequestFilter.doFilter(OncePerRequestFilter.java:116) ~[spring-web-6.2.6.jar:6.2.6]
	at org.apache.catalina.core.ApplicationFilterChain.internalDoFilter(ApplicationFilterChain.java:164) ~[tomcat-embed-core-10.1.40.jar:10.1.40]
	at org.apache.catalina.core.ApplicationFilterChain.doFilter(ApplicationFilterChain.java:140) ~[tomcat-embed-core-10.1.40.jar:10.1.40]
	at org.springframework.web.filter.FormContentFilter.doFilterInternal(FormContentFilter.java:93) ~[spring-web-6.2.6.jar:6.2.6]
	at org.springframework.web.filter.OncePerRequestFilter.doFilter(OncePerRequestFilter.java:116) ~[spring-web-6.2.6.jar:6.2.6]
	at org.apache.catalina.core.ApplicationFilterChain.internalDoFilter(ApplicationFilterChain.java:164) ~[tomcat-embed-core-10.1.40.jar:10.1.40]
	at org.apache.catalina.core.ApplicationFilterChain.doFilter(ApplicationFilterChain.java:140) ~[tomcat-embed-core-10.1.40.jar:10.1.40]
	at org.springframework.web.filter.CharacterEncodingFilter.doFilterInternal(CharacterEncodingFilter.java:201) ~[spring-web-6.2.6.jar:6.2.6]
	at org.springframework.web.filter.OncePerRequestFilter.doFilter(OncePerRequestFilter.java:116) ~[spring-web-6.2.6.jar:6.2.6]
	at org.apache.catalina.core.ApplicationFilterChain.internalDoFilter(ApplicationFilterChain.java:164) ~[tomcat-embed-core-10.1.40.jar:10.1.40]
	at org.apache.catalina.core.ApplicationFilterChain.doFilter(ApplicationFilterChain.java:140) ~[tomcat-embed-core-10.1.40.jar:10.1.40]
	at org.apache.catalina.core.StandardWrapperValve.invoke(StandardWrapperValve.java:167) ~[tomcat-embed-core-10.1.40.jar:10.1.40]
	at org.apache.catalina.core.StandardContextValve.invoke(StandardContextValve.java:90) ~[tomcat-embed-core-10.1.40.jar:10.1.40]
	at org.apache.catalina.authenticator.AuthenticatorBase.invoke(AuthenticatorBase.java:483) ~[tomcat-embed-core-10.1.40.jar:10.1.40]
	at org.apache.catalina.core.StandardHostValve.invoke(StandardHostValve.java:116) ~[tomcat-embed-core-10.1.40.jar:10.1.40]
	at org.apache.catalina.valves.ErrorReportValve.invoke(ErrorReportValve.java:93) ~[tomcat-embed-core-10.1.40.jar:10.1.40]
	at org.apache.catalina.core.StandardEngineValve.invoke(StandardEngineValve.java:74) ~[tomcat-embed-core-10.1.40.jar:10.1.40]
	at org.apache.catalina.connector.CoyoteAdapter.service(CoyoteAdapter.java:344) ~[tomcat-embed-core-10.1.40.jar:10.1.40]
	at org.apache.coyote.http11.Http11Processor.service(Http11Processor.java:398) ~[tomcat-embed-core-10.1.40.jar:10.1.40]
	at org.apache.coyote.AbstractProcessorLight.process(AbstractProcessorLight.java:63) ~[tomcat-embed-core-10.1.40.jar:10.1.40]
	at org.apache.coyote.AbstractProtocol$ConnectionHandler.process(AbstractProtocol.java:903) ~[tomcat-embed-core-10.1.40.jar:10.1.40]
	at org.apache.tomcat.util.net.NioEndpoint$SocketProcessor.doRun(NioEndpoint.java:1740) ~[tomcat-embed-core-10.1.40.jar:10.1.40]
	at org.apache.tomcat.util.net.SocketProcessorBase.run(SocketProcessorBase.java:52) ~[tomcat-embed-core-10.1.40.jar:10.1.40]
	at org.apache.tomcat.util.threads.ThreadPoolExecutor.runWorker(ThreadPoolExecutor.java:1189) ~[tomcat-embed-core-10.1.40.jar:10.1.40]
	at org.apache.tomcat.util.threads.ThreadPoolExecutor$Worker.run(ThreadPoolExecutor.java:658) ~[tomcat-embed-core-10.1.40.jar:10.1.40]
	at org.apache.tomcat.util.threads.TaskThread$WrappingRunnable.run(TaskThread.java:63) ~[tomcat-embed-core-10.1.40.jar:10.1.40]
	at java.base/java.lang.Thread.run(Thread.java:1583) ~[na:na]

2026-05-26T22:53:02.294+05:30 ERROR 10320 --- [library-system] [http-nio-9999-exec-3] o.a.c.c.C.[.[.[/].[dispatcherServlet]    : Servlet.service() for servlet [dispatcherServlet] in context with path [] threw exception [Request processing failed: io.jsonwebtoken.security.WeakKeyException: The signing key's size is 64 bits which is not secure enough for the HS256 algorithm.  The JWT JWA Specification (RFC 7518, Section 3.2) states that keys used with HS256 MUST have a size >= 256 bits (the key size must be greater than or equal to the hash output size).  Consider using the io.jsonwebtoken.security.Keys class's 'secretKeyFor(SignatureAlgorithm.HS256)' method to create a key guaranteed to be secure enough for HS256.  See https://tools.ietf.org/html/rfc7518#section-3.2 for more information.] with root cause

io.jsonwebtoken.security.WeakKeyException: The signing key's size is 64 bits which is not secure enough for the HS256 algorithm.  The JWT JWA Specification (RFC 7518, Section 3.2) states that keys used with HS256 MUST have a size >= 256 bits (the key size must be greater than or equal to the hash output size).  Consider using the io.jsonwebtoken.security.Keys class's 'secretKeyFor(SignatureAlgorithm.HS256)' method to create a key guaranteed to be secure enough for HS256.  See https://tools.ietf.org/html/rfc7518#section-3.2 for more information.
	at io.jsonwebtoken.SignatureAlgorithm.assertValid(SignatureAlgorithm.java:387) ~[jjwt-api-0.11.5.jar:0.11.5]
	at io.jsonwebtoken.SignatureAlgorithm.assertValidSigningKey(SignatureAlgorithm.java:315) ~[jjwt-api-0.11.5.jar:0.11.5]
	at io.jsonwebtoken.impl.DefaultJwtBuilder.signWith(DefaultJwtBuilder.java:112) ~[jjwt-impl-0.11.5.jar:0.11.5]
	at io.jsonwebtoken.impl.DefaultJwtBuilder.signWith(DefaultJwtBuilder.java:125) ~[jjwt-impl-0.11.5.jar:0.11.5]
	at io.jsonwebtoken.impl.DefaultJwtBuilder.signWith(DefaultJwtBuilder.java:133) ~[jjwt-impl-0.11.5.jar:0.11.5]
	at com.lms.library_system.security.JwtUtil.generateToken(JwtUtil.java:21) ~[classes/:na]
	at com.lms.library_system.controller.AuthController.login(AuthController.java:28) ~[classes/:na]
	at java.base/jdk.internal.reflect.DirectMethodHandleAccessor.invoke(DirectMethodHandleAccessor.java:103) ~[na:na]
	at java.base/java.lang.reflect.Method.invoke(Method.java:580) ~[na:na]
	at org.springframework.web.method.support.InvocableHandlerMethod.doInvoke(InvocableHandlerMethod.java:258) ~[spring-web-6.2.6.jar:6.2.6]
	at org.springframework.web.method.support.InvocableHandlerMethod.invokeForRequest(InvocableHandlerMethod.java:191) ~[spring-web-6.2.6.jar:6.2.6]
	at org.springframework.web.servlet.mvc.method.annotation.ServletInvocableHandlerMethod.invokeAndHandle(ServletInvocableHandlerMethod.java:118) ~[spring-webmvc-6.2.6.jar:6.2.6]
	at org.springframework.web.servlet.mvc.method.annotation.RequestMappingHandlerAdapter.invokeHandlerMethod(RequestMappingHandlerAdapter.java:986) ~[spring-webmvc-6.2.6.jar:6.2.6]
	at org.springframework.web.servlet.mvc.method.annotation.RequestMappingHandlerAdapter.handleInternal(RequestMappingHandlerAdapter.java:891) ~[spring-webmvc-6.2.6.jar:6.2.6]
	at org.springframework.web.servlet.mvc.method.AbstractHandlerMethodAdapter.handle(AbstractHandlerMethodAdapter.java:87) ~[spring-webmvc-6.2.6.jar:6.2.6]
	at org.springframework.web.servlet.DispatcherServlet.doDispatch(DispatcherServlet.java:1089) ~[spring-webmvc-6.2.6.jar:6.2.6]
	at org.springframework.web.servlet.DispatcherServlet.doService(DispatcherServlet.java:979) ~[spring-webmvc-6.2.6.jar:6.2.6]
	at org.springframework.web.servlet.FrameworkServlet.processRequest(FrameworkServlet.java:1014) ~[spring-webmvc-6.2.6.jar:6.2.6]
	at org.springframework.web.servlet.FrameworkServlet.doPost(FrameworkServlet.java:914) ~[spring-webmvc-6.2.6.jar:6.2.6]
	at jakarta.servlet.http.HttpServlet.service(HttpServlet.java:590) ~[tomcat-embed-core-10.1.40.jar:6.0]
	at org.springframework.web.servlet.FrameworkServlet.service(FrameworkServlet.java:885) ~[spring-webmvc-6.2.6.jar:6.2.6]
	at jakarta.servlet.http.HttpServlet.service(HttpServlet.java:658) ~[tomcat-embed-core-10.1.40.jar:6.0]
	at org.apache.catalina.core.ApplicationFilterChain.internalDoFilter(ApplicationFilterChain.java:195) ~[tomcat-embed-core-10.1.40.jar:10.1.40]
	at org.apache.catalina.core.ApplicationFilterChain.doFilter(ApplicationFilterChain.java:140) ~[tomcat-embed-core-10.1.40.jar:10.1.40]
	at org.apache.tomcat.websocket.server.WsFilter.doFilter(WsFilter.java:51) ~[tomcat-embed-websocket-10.1.40.jar:10.1.40]
	at org.apache.catalina.core.ApplicationFilterChain.internalDoFilter(ApplicationFilterChain.java:164) ~[tomcat-embed-core-10.1.40.jar:10.1.40]
	at org.apache.catalina.core.ApplicationFilterChain.doFilter(ApplicationFilterChain.java:140) ~[tomcat-embed-core-10.1.40.jar:10.1.40]
	at org.springframework.web.filter.CompositeFilter$VirtualFilterChain.doFilter(CompositeFilter.java:108) ~[spring-web-6.2.6.jar:6.2.6]
	at org.springframework.security.web.FilterChainProxy.lambda$doFilterInternal$3(FilterChainProxy.java:231) ~[spring-security-web-6.4.5.jar:6.4.5]
	at org.springframework.security.web.FilterChainProxy$VirtualFilterChain.doFilter(FilterChainProxy.java:365) ~[spring-security-web-6.4.5.jar:6.4.5]
	at org.springframework.security.web.access.intercept.AuthorizationFilter.doFilter(AuthorizationFilter.java:101) ~[spring-security-web-6.4.5.jar:6.4.5]
	at org.springframework.security.web.FilterChainProxy$VirtualFilterChain.doFilter(FilterChainProxy.java:374) ~[spring-security-web-6.4.5.jar:6.4.5]
	at org.springframework.security.web.access.ExceptionTranslationFilter.doFilter(ExceptionTranslationFilter.java:126) ~[spring-security-web-6.4.5.jar:6.4.5]
	at org.springframework.security.web.access.ExceptionTranslationFilter.doFilter(ExceptionTranslationFilter.java:120) ~[spring-security-web-6.4.5.jar:6.4.5]
	at org.springframework.security.web.FilterChainProxy$VirtualFilterChain.doFilter(FilterChainProxy.java:374) ~[spring-security-web-6.4.5.jar:6.4.5]
	at org.springframework.security.web.authentication.AnonymousAuthenticationFilter.doFilter(AnonymousAuthenticationFilter.java:100) ~[spring-security-web-6.4.5.jar:6.4.5]
	at org.springframework.security.web.FilterChainProxy$VirtualFilterChain.doFilter(FilterChainProxy.java:374) ~[spring-security-web-6.4.5.jar:6.4.5]
	at org.springframework.security.web.servletapi.SecurityContextHolderAwareRequestFilter.doFilter(SecurityContextHolderAwareRequestFilter.java:179) ~[spring-security-web-6.4.5.jar:6.4.5]
	at org.springframework.security.web.FilterChainProxy$VirtualFilterChain.doFilter(FilterChainProxy.java:374) ~[spring-security-web-6.4.5.jar:6.4.5]
	at org.springframework.security.web.savedrequest.RequestCacheAwareFilter.doFilter(RequestCacheAwareFilter.java:63) ~[spring-security-web-6.4.5.jar:6.4.5]
	at org.springframework.security.web.FilterChainProxy$VirtualFilterChain.doFilter(FilterChainProxy.java:374) ~[spring-security-web-6.4.5.jar:6.4.5]
	at org.springframework.security.web.authentication.logout.LogoutFilter.doFilter(LogoutFilter.java:107) ~[spring-security-web-6.4.5.jar:6.4.5]
	at org.springframework.security.web.authentication.logout.LogoutFilter.doFilter(LogoutFilter.java:93) ~[spring-security-web-6.4.5.jar:6.4.5]
	at org.springframework.security.web.FilterChainProxy$VirtualFilterChain.doFilter(FilterChainProxy.java:374) ~[spring-security-web-6.4.5.jar:6.4.5]
	at org.springframework.security.web.header.HeaderWriterFilter.doHeadersAfter(HeaderWriterFilter.java:90) ~[spring-security-web-6.4.5.jar:6.4.5]
	at org.springframework.security.web.header.HeaderWriterFilter.doFilterInternal(HeaderWriterFilter.java:75) ~[spring-security-web-6.4.5.jar:6.4.5]
	at org.springframework.web.filter.OncePerRequestFilter.doFilter(OncePerRequestFilter.java:116) ~[spring-web-6.2.6.jar:6.2.6]
	at org.springframework.security.web.FilterChainProxy$VirtualFilterChain.doFilter(FilterChainProxy.java:374) ~[spring-security-web-6.4.5.jar:6.4.5]
	at org.springframework.security.web.context.SecurityContextHolderFilter.doFilter(SecurityContextHolderFilter.java:82) ~[spring-security-web-6.4.5.jar:6.4.5]
	at org.springframework.security.web.context.SecurityContextHolderFilter.doFilter(SecurityContextHolderFilter.java:69) ~[spring-security-web-6.4.5.jar:6.4.5]
	at org.springframework.security.web.FilterChainProxy$VirtualFilterChain.doFilter(FilterChainProxy.java:374) ~[spring-security-web-6.4.5.jar:6.4.5]
	at org.springframework.security.web.context.request.async.WebAsyncManagerIntegrationFilter.doFilterInternal(WebAsyncManagerIntegrationFilter.java:62) ~[spring-security-web-6.4.5.jar:6.4.5]
	at org.springframework.web.filter.OncePerRequestFilter.doFilter(OncePerRequestFilter.java:116) ~[spring-web-6.2.6.jar:6.2.6]
	at org.springframework.security.web.FilterChainProxy$VirtualFilterChain.doFilter(FilterChainProxy.java:374) ~[spring-security-web-6.4.5.jar:6.4.5]
	at org.springframework.security.web.session.DisableEncodeUrlFilter.doFilterInternal(DisableEncodeUrlFilter.java:42) ~[spring-security-web-6.4.5.jar:6.4.5]
	at org.springframework.web.filter.OncePerRequestFilter.doFilter(OncePerRequestFilter.java:116) ~[spring-web-6.2.6.jar:6.2.6]
	at org.springframework.security.web.FilterChainProxy$VirtualFilterChain.doFilter(FilterChainProxy.java:374) ~[spring-security-web-6.4.5.jar:6.4.5]
	at org.springframework.security.web.FilterChainProxy.doFilterInternal(FilterChainProxy.java:233) ~[spring-security-web-6.4.5.jar:6.4.5]
	at org.springframework.security.web.FilterChainProxy.doFilter(FilterChainProxy.java:191) ~[spring-security-web-6.4.5.jar:6.4.5]
	at org.springframework.web.filter.CompositeFilter$VirtualFilterChain.doFilter(CompositeFilter.java:113) ~[spring-web-6.2.6.jar:6.2.6]
	at org.springframework.web.servlet.handler.HandlerMappingIntrospector.lambda$createCacheFilter$3(HandlerMappingIntrospector.java:243) ~[spring-webmvc-6.2.6.jar:6.2.6]
	at org.springframework.web.filter.CompositeFilter$VirtualFilterChain.doFilter(CompositeFilter.java:113) ~[spring-web-6.2.6.jar:6.2.6]
	at org.springframework.web.filter.CompositeFilter.doFilter(CompositeFilter.java:74) ~[spring-web-6.2.6.jar:6.2.6]
	at org.springframework.security.config.annotation.web.configuration.WebMvcSecurityConfiguration$CompositeFilterChainProxy.doFilter(WebMvcSecurityConfiguration.java:238) ~[spring-security-config-6.4.5.jar:6.4.5]
	at org.springframework.web.filter.DelegatingFilterProxy.invokeDelegate(DelegatingFilterProxy.java:362) ~[spring-web-6.2.6.jar:6.2.6]
	at org.springframework.web.filter.DelegatingFilterProxy.doFilter(DelegatingFilterProxy.java:278) ~[spring-web-6.2.6.jar:6.2.6]
	at org.apache.catalina.core.ApplicationFilterChain.internalDoFilter(ApplicationFilterChain.java:164) ~[tomcat-embed-core-10.1.40.jar:10.1.40]
	at org.apache.catalina.core.ApplicationFilterChain.doFilter(ApplicationFilterChain.java:140) ~[tomcat-embed-core-10.1.40.jar:10.1.40]
	at org.springframework.web.filter.RequestContextFilter.doFilterInternal(RequestContextFilter.java:100) ~[spring-web-6.2.6.jar:6.2.6]
	at org.springframework.web.filter.OncePerRequestFilter.doFilter(OncePerRequestFilter.java:116) ~[spring-web-6.2.6.jar:6.2.6]
	at org.apache.catalina.core.ApplicationFilterChain.internalDoFilter(ApplicationFilterChain.java:164) ~[tomcat-embed-core-10.1.40.jar:10.1.40]
	at org.apache.catalina.core.ApplicationFilterChain.doFilter(ApplicationFilterChain.java:140) ~[tomcat-embed-core-10.1.40.jar:10.1.40]
	at org.springframework.web.filter.FormContentFilter.doFilterInternal(FormContentFilter.java:93) ~[spring-web-6.2.6.jar:6.2.6]
	at org.springframework.web.filter.OncePerRequestFilter.doFilter(OncePerRequestFilter.java:116) ~[spring-web-6.2.6.jar:6.2.6]
	at org.apache.catalina.core.ApplicationFilterChain.internalDoFilter(ApplicationFilterChain.java:164) ~[tomcat-embed-core-10.1.40.jar:10.1.40]
	at org.apache.catalina.core.ApplicationFilterChain.doFilter(ApplicationFilterChain.java:140) ~[tomcat-embed-core-10.1.40.jar:10.1.40]
	at org.springframework.web.filter.CharacterEncodingFilter.doFilterInternal(CharacterEncodingFilter.java:201) ~[spring-web-6.2.6.jar:6.2.6]
	at org.springframework.web.filter.OncePerRequestFilter.doFilter(OncePerRequestFilter.java:116) ~[spring-web-6.2.6.jar:6.2.6]
	at org.apache.catalina.core.ApplicationFilterChain.internalDoFilter(ApplicationFilterChain.java:164) ~[tomcat-embed-core-10.1.40.jar:10.1.40]
	at org.apache.catalina.core.ApplicationFilterChain.doFilter(ApplicationFilterChain.java:140) ~[tomcat-embed-core-10.1.40.jar:10.1.40]
	at org.apache.catalina.core.StandardWrapperValve.invoke(StandardWrapperValve.java:167) ~[tomcat-embed-core-10.1.40.jar:10.1.40]
	at org.apache.catalina.core.StandardContextValve.invoke(StandardContextValve.java:90) ~[tomcat-embed-core-10.1.40.jar:10.1.40]
	at org.apache.catalina.authenticator.AuthenticatorBase.invoke(AuthenticatorBase.java:483) ~[tomcat-embed-core-10.1.40.jar:10.1.40]
	at org.apache.catalina.core.StandardHostValve.invoke(StandardHostValve.java:116) ~[tomcat-embed-core-10.1.40.jar:10.1.40]
	at org.apache.catalina.valves.ErrorReportValve.invoke(ErrorReportValve.java:93) ~[tomcat-embed-core-10.1.40.jar:10.1.40]
	at org.apache.catalina.core.StandardEngineValve.invoke(StandardEngineValve.java:74) ~[tomcat-embed-core-10.1.40.jar:10.1.40]
	at org.apache.catalina.connector.CoyoteAdapter.service(CoyoteAdapter.java:344) ~[tomcat-embed-core-10.1.40.jar:10.1.40]
	at org.apache.coyote.http11.Http11Processor.service(Http11Processor.java:398) ~[tomcat-embed-core-10.1.40.jar:10.1.40]
	at org.apache.coyote.AbstractProcessorLight.process(AbstractProcessorLight.java:63) ~[tomcat-embed-core-10.1.40.jar:10.1.40]
	at org.apache.coyote.AbstractProtocol$ConnectionHandler.process(AbstractProtocol.java:903) ~[tomcat-embed-core-10.1.40.jar:10.1.40]
	at org.apache.tomcat.util.net.NioEndpoint$SocketProcessor.doRun(NioEndpoint.java:1740) ~[tomcat-embed-core-10.1.40.jar:10.1.40]
	at org.apache.tomcat.util.net.SocketProcessorBase.run(SocketProcessorBase.java:52) ~[tomcat-embed-core-10.1.40.jar:10.1.40]
	at org.apache.tomcat.util.threads.ThreadPoolExecutor.runWorker(ThreadPoolExecutor.java:1189) ~[tomcat-embed-core-10.1.40.jar:10.1.40]
	at org.apache.tomcat.util.threads.ThreadPoolExecutor$Worker.run(ThreadPoolExecutor.java:658) ~[tomcat-embed-core-10.1.40.jar:10.1.40]
	at org.apache.tomcat.util.threads.TaskThread$WrappingRunnable.run(TaskThread.java:63) ~[tomcat-embed-core-10.1.40.jar:10.1.40]
	at java.base/java.lang.Thread.run(Thread.java:1583) ~[na:na]

2026-05-26T22:54:59.555+05:30  INFO 12136 --- [library-system] [main] c.l.l.LibrarySystemApplication           : Starting LibrarySystemApplication using Java 21.0.6 with PID 12136 (D:\Projects\LMS\lms-library\target\classes started by Mohamed Mubeen in D:\Projects\LMS\lms-library)
2026-05-26T22:54:59.558+05:30  INFO 12136 --- [library-system] [main] c.l.l.LibrarySystemApplication           : No active profile set, falling back to 1 default profile: "default"
2026-05-26T22:55:00.705+05:30  INFO 12136 --- [library-system] [main] .s.d.r.c.RepositoryConfigurationDelegate : Bootstrapping Spring Data JPA repositories in DEFAULT mode.
2026-05-26T22:55:00.793+05:30  INFO 12136 --- [library-system] [main] .s.d.r.c.RepositoryConfigurationDelegate : Finished Spring Data repository scanning in 73 ms. Found 2 JPA repository interfaces.
2026-05-26T22:55:01.551+05:30  INFO 12136 --- [library-system] [main] o.s.b.w.embedded.tomcat.TomcatWebServer  : Tomcat initialized with port 9999 (http)
2026-05-26T22:55:01.570+05:30  INFO 12136 --- [library-system] [main] o.apache.catalina.core.StandardService   : Starting service [Tomcat]
2026-05-26T22:55:01.571+05:30  INFO 12136 --- [library-system] [main] o.apache.catalina.core.StandardEngine    : Starting Servlet engine: [Apache Tomcat/10.1.40]
2026-05-26T22:55:01.741+05:30  INFO 12136 --- [library-system] [main] o.a.c.c.C.[Tomcat].[localhost].[/]       : Initializing Spring embedded WebApplicationContext
2026-05-26T22:55:01.742+05:30  INFO 12136 --- [library-system] [main] w.s.c.ServletWebServerApplicationContext : Root WebApplicationContext: initialization completed in 2124 ms
2026-05-26T22:55:02.013+05:30  INFO 12136 --- [library-system] [main] o.hibernate.jpa.internal.util.LogHelper  : HHH000204: Processing PersistenceUnitInfo [name: default]
2026-05-26T22:55:02.103+05:30  INFO 12136 --- [library-system] [main] org.hibernate.Version                    : HHH000412: Hibernate ORM core version 6.6.13.Final
2026-05-26T22:55:02.164+05:30  INFO 12136 --- [library-system] [main] o.h.c.internal.RegionFactoryInitiator    : HHH000026: Second-level cache disabled
2026-05-26T22:55:02.583+05:30  INFO 12136 --- [library-system] [main] o.s.o.j.p.SpringPersistenceUnitInfo      : No LoadTimeWeaver setup: ignoring JPA class transformer
2026-05-26T22:55:02.622+05:30  INFO 12136 --- [library-system] [main] com.zaxxer.hikari.HikariDataSource       : HikariPool-1 - Starting...
2026-05-26T22:55:03.108+05:30  INFO 12136 --- [library-system] [main] com.zaxxer.hikari.pool.HikariPool        : HikariPool-1 - Added connection com.mysql.cj.jdbc.ConnectionImpl@750e2d33
2026-05-26T22:55:03.110+05:30  INFO 12136 --- [library-system] [main] com.zaxxer.hikari.HikariDataSource       : HikariPool-1 - Start completed.
2026-05-26T22:55:03.220+05:30  INFO 12136 --- [library-system] [main] org.hibernate.orm.connections.pooling    : HHH10001005: Database info:
	Database JDBC URL [Connecting through datasource 'HikariDataSource (HikariPool-1)']
	Database driver: undefined/unknown
	Database version: 8.0.46
	Autocommit mode: undefined/unknown
	Isolation level: undefined/unknown
	Minimum pool size: undefined/unknown
	Maximum pool size: undefined/unknown
2026-05-26T22:55:04.419+05:30  INFO 12136 --- [library-system] [main] o.h.e.t.j.p.i.JtaPlatformInitiator       : HHH000489: No JTA platform available (set 'hibernate.transaction.jta.platform' to enable JTA platform integration)
2026-05-26T22:55:04.549+05:30  INFO 12136 --- [library-system] [main] j.LocalContainerEntityManagerFactoryBean : Initialized JPA EntityManagerFactory for persistence unit 'default'
2026-05-26T22:55:04.965+05:30  WARN 12136 --- [library-system] [main] JpaBaseConfiguration$JpaWebConfiguration : spring.jpa.open-in-view is enabled by default. Therefore, database queries may be performed during view rendering. Explicitly configure spring.jpa.open-in-view to disable this warning
2026-05-26T22:55:04.994+05:30  WARN 12136 --- [library-system] [main] .s.s.UserDetailsServiceAutoConfiguration : 

Using generated security password: e9a2fb43-f56b-4b82-9c4d-cd05f43cd7df

This generated password is for development use only. Your security configuration must be updated before running your application in production.

2026-05-26T22:55:05.019+05:30  INFO 12136 --- [library-system] [main] r$InitializeUserDetailsManagerConfigurer : Global AuthenticationManager configured with UserDetailsService bean with name inMemoryUserDetailsManager
2026-05-26T22:55:05.707+05:30  INFO 12136 --- [library-system] [main] o.s.b.w.embedded.tomcat.TomcatWebServer  : Tomcat started on port 9999 (http) with context path '/'
2026-05-26T22:55:05.724+05:30  INFO 12136 --- [library-system] [main] c.l.l.LibrarySystemApplication           : Started LibrarySystemApplication in 6.781 seconds (process running for 7.224)
2026-05-26T22:55:12.338+05:30  INFO 12136 --- [library-system] [http-nio-9999-exec-3] o.a.c.c.C.[Tomcat].[localhost].[/]       : Initializing Spring DispatcherServlet 'dispatcherServlet'
2026-05-26T22:55:12.340+05:30  INFO 12136 --- [library-system] [http-nio-9999-exec-3] o.s.web.servlet.DispatcherServlet        : Initializing Servlet 'dispatcherServlet'
2026-05-26T22:55:12.350+05:30  INFO 12136 --- [library-system] [http-nio-9999-exec-3] o.s.web.servlet.DispatcherServlet        : Completed initialization in 9 ms
2026-05-26T22:55:12.984+05:30 ERROR 12136 --- [library-system] [http-nio-9999-exec-3] o.a.c.c.C.[.[.[/].[dispatcherServlet]    : Servlet.service() for servlet [dispatcherServlet] in context with path [] threw exception [Request processing failed: io.jsonwebtoken.security.WeakKeyException: The signing key's size is 240 bits which is not secure enough for the HS256 algorithm.  The JWT JWA Specification (RFC 7518, Section 3.2) states that keys used with HS256 MUST have a size >= 256 bits (the key size must be greater than or equal to the hash output size).  Consider using the io.jsonwebtoken.security.Keys class's 'secretKeyFor(SignatureAlgorithm.HS256)' method to create a key guaranteed to be secure enough for HS256.  See https://tools.ietf.org/html/rfc7518#section-3.2 for more information.] with root cause

io.jsonwebtoken.security.WeakKeyException: The signing key's size is 240 bits which is not secure enough for the HS256 algorithm.  The JWT JWA Specification (RFC 7518, Section 3.2) states that keys used with HS256 MUST have a size >= 256 bits (the key size must be greater than or equal to the hash output size).  Consider using the io.jsonwebtoken.security.Keys class's 'secretKeyFor(SignatureAlgorithm.HS256)' method to create a key guaranteed to be secure enough for HS256.  See https://tools.ietf.org/html/rfc7518#section-3.2 for more information.
	at io.jsonwebtoken.SignatureAlgorithm.assertValid(SignatureAlgorithm.java:387) ~[jjwt-api-0.11.5.jar:0.11.5]
	at io.jsonwebtoken.SignatureAlgorithm.assertValidSigningKey(SignatureAlgorithm.java:315) ~[jjwt-api-0.11.5.jar:0.11.5]
	at io.jsonwebtoken.impl.DefaultJwtBuilder.signWith(DefaultJwtBuilder.java:112) ~[jjwt-impl-0.11.5.jar:0.11.5]
	at io.jsonwebtoken.impl.DefaultJwtBuilder.signWith(DefaultJwtBuilder.java:125) ~[jjwt-impl-0.11.5.jar:0.11.5]
	at io.jsonwebtoken.impl.DefaultJwtBuilder.signWith(DefaultJwtBuilder.java:133) ~[jjwt-impl-0.11.5.jar:0.11.5]
	at com.lms.library_system.security.JwtUtil.generateToken(JwtUtil.java:21) ~[classes/:na]
	at com.lms.library_system.controller.AuthController.login(AuthController.java:28) ~[classes/:na]
	at java.base/jdk.internal.reflect.DirectMethodHandleAccessor.invoke(DirectMethodHandleAccessor.java:103) ~[na:na]
	at java.base/java.lang.reflect.Method.invoke(Method.java:580) ~[na:na]
	at org.springframework.web.method.support.InvocableHandlerMethod.doInvoke(InvocableHandlerMethod.java:258) ~[spring-web-6.2.6.jar:6.2.6]
	at org.springframework.web.method.support.InvocableHandlerMethod.invokeForRequest(InvocableHandlerMethod.java:191) ~[spring-web-6.2.6.jar:6.2.6]
	at org.springframework.web.servlet.mvc.method.annotation.ServletInvocableHandlerMethod.invokeAndHandle(ServletInvocableHandlerMethod.java:118) ~[spring-webmvc-6.2.6.jar:6.2.6]
	at org.springframework.web.servlet.mvc.method.annotation.RequestMappingHandlerAdapter.invokeHandlerMethod(RequestMappingHandlerAdapter.java:986) ~[spring-webmvc-6.2.6.jar:6.2.6]
	at org.springframework.web.servlet.mvc.method.annotation.RequestMappingHandlerAdapter.handleInternal(RequestMappingHandlerAdapter.java:891) ~[spring-webmvc-6.2.6.jar:6.2.6]
	at org.springframework.web.servlet.mvc.method.AbstractHandlerMethodAdapter.handle(AbstractHandlerMethodAdapter.java:87) ~[spring-webmvc-6.2.6.jar:6.2.6]
	at org.springframework.web.servlet.DispatcherServlet.doDispatch(DispatcherServlet.java:1089) ~[spring-webmvc-6.2.6.jar:6.2.6]
	at org.springframework.web.servlet.DispatcherServlet.doService(DispatcherServlet.java:979) ~[spring-webmvc-6.2.6.jar:6.2.6]
	at org.springframework.web.servlet.FrameworkServlet.processRequest(FrameworkServlet.java:1014) ~[spring-webmvc-6.2.6.jar:6.2.6]
	at org.springframework.web.servlet.FrameworkServlet.doPost(FrameworkServlet.java:914) ~[spring-webmvc-6.2.6.jar:6.2.6]
	at jakarta.servlet.http.HttpServlet.service(HttpServlet.java:590) ~[tomcat-embed-core-10.1.40.jar:6.0]
	at org.springframework.web.servlet.FrameworkServlet.service(FrameworkServlet.java:885) ~[spring-webmvc-6.2.6.jar:6.2.6]
	at jakarta.servlet.http.HttpServlet.service(HttpServlet.java:658) ~[tomcat-embed-core-10.1.40.jar:6.0]
	at org.apache.catalina.core.ApplicationFilterChain.internalDoFilter(ApplicationFilterChain.java:195) ~[tomcat-embed-core-10.1.40.jar:10.1.40]
	at org.apache.catalina.core.ApplicationFilterChain.doFilter(ApplicationFilterChain.java:140) ~[tomcat-embed-core-10.1.40.jar:10.1.40]
	at org.apache.tomcat.websocket.server.WsFilter.doFilter(WsFilter.java:51) ~[tomcat-embed-websocket-10.1.40.jar:10.1.40]
	at org.apache.catalina.core.ApplicationFilterChain.internalDoFilter(ApplicationFilterChain.java:164) ~[tomcat-embed-core-10.1.40.jar:10.1.40]
	at org.apache.catalina.core.ApplicationFilterChain.doFilter(ApplicationFilterChain.java:140) ~[tomcat-embed-core-10.1.40.jar:10.1.40]
	at org.springframework.web.filter.CompositeFilter$VirtualFilterChain.doFilter(CompositeFilter.java:108) ~[spring-web-6.2.6.jar:6.2.6]
	at org.springframework.security.web.FilterChainProxy.lambda$doFilterInternal$3(FilterChainProxy.java:231) ~[spring-security-web-6.4.5.jar:6.4.5]
	at org.springframework.security.web.FilterChainProxy$VirtualFilterChain.doFilter(FilterChainProxy.java:365) ~[spring-security-web-6.4.5.jar:6.4.5]
	at org.springframework.security.web.access.intercept.AuthorizationFilter.doFilter(AuthorizationFilter.java:101) ~[spring-security-web-6.4.5.jar:6.4.5]
	at org.springframework.security.web.FilterChainProxy$VirtualFilterChain.doFilter(FilterChainProxy.java:374) ~[spring-security-web-6.4.5.jar:6.4.5]
	at org.springframework.security.web.access.ExceptionTranslationFilter.doFilter(ExceptionTranslationFilter.java:126) ~[spring-security-web-6.4.5.jar:6.4.5]
	at org.springframework.security.web.access.ExceptionTranslationFilter.doFilter(ExceptionTranslationFilter.java:120) ~[spring-security-web-6.4.5.jar:6.4.5]
	at org.springframework.security.web.FilterChainProxy$VirtualFilterChain.doFilter(FilterChainProxy.java:374) ~[spring-security-web-6.4.5.jar:6.4.5]
	at org.springframework.security.web.authentication.AnonymousAuthenticationFilter.doFilter(AnonymousAuthenticationFilter.java:100) ~[spring-security-web-6.4.5.jar:6.4.5]
	at org.springframework.security.web.FilterChainProxy$VirtualFilterChain.doFilter(FilterChainProxy.java:374) ~[spring-security-web-6.4.5.jar:6.4.5]
	at org.springframework.security.web.servletapi.SecurityContextHolderAwareRequestFilter.doFilter(SecurityContextHolderAwareRequestFilter.java:179) ~[spring-security-web-6.4.5.jar:6.4.5]
	at org.springframework.security.web.FilterChainProxy$VirtualFilterChain.doFilter(FilterChainProxy.java:374) ~[spring-security-web-6.4.5.jar:6.4.5]
	at org.springframework.security.web.savedrequest.RequestCacheAwareFilter.doFilter(RequestCacheAwareFilter.java:63) ~[spring-security-web-6.4.5.jar:6.4.5]
	at org.springframework.security.web.FilterChainProxy$VirtualFilterChain.doFilter(FilterChainProxy.java:374) ~[spring-security-web-6.4.5.jar:6.4.5]
	at org.springframework.security.web.authentication.logout.LogoutFilter.doFilter(LogoutFilter.java:107) ~[spring-security-web-6.4.5.jar:6.4.5]
	at org.springframework.security.web.authentication.logout.LogoutFilter.doFilter(LogoutFilter.java:93) ~[spring-security-web-6.4.5.jar:6.4.5]
	at org.springframework.security.web.FilterChainProxy$VirtualFilterChain.doFilter(FilterChainProxy.java:374) ~[spring-security-web-6.4.5.jar:6.4.5]
	at org.springframework.security.web.header.HeaderWriterFilter.doHeadersAfter(HeaderWriterFilter.java:90) ~[spring-security-web-6.4.5.jar:6.4.5]
	at org.springframework.security.web.header.HeaderWriterFilter.doFilterInternal(HeaderWriterFilter.java:75) ~[spring-security-web-6.4.5.jar:6.4.5]
	at org.springframework.web.filter.OncePerRequestFilter.doFilter(OncePerRequestFilter.java:116) ~[spring-web-6.2.6.jar:6.2.6]
	at org.springframework.security.web.FilterChainProxy$VirtualFilterChain.doFilter(FilterChainProxy.java:374) ~[spring-security-web-6.4.5.jar:6.4.5]
	at org.springframework.security.web.context.SecurityContextHolderFilter.doFilter(SecurityContextHolderFilter.java:82) ~[spring-security-web-6.4.5.jar:6.4.5]
	at org.springframework.security.web.context.SecurityContextHolderFilter.doFilter(SecurityContextHolderFilter.java:69) ~[spring-security-web-6.4.5.jar:6.4.5]
	at org.springframework.security.web.FilterChainProxy$VirtualFilterChain.doFilter(FilterChainProxy.java:374) ~[spring-security-web-6.4.5.jar:6.4.5]
	at org.springframework.security.web.context.request.async.WebAsyncManagerIntegrationFilter.doFilterInternal(WebAsyncManagerIntegrationFilter.java:62) ~[spring-security-web-6.4.5.jar:6.4.5]
	at org.springframework.web.filter.OncePerRequestFilter.doFilter(OncePerRequestFilter.java:116) ~[spring-web-6.2.6.jar:6.2.6]
	at org.springframework.security.web.FilterChainProxy$VirtualFilterChain.doFilter(FilterChainProxy.java:374) ~[spring-security-web-6.4.5.jar:6.4.5]
	at org.springframework.security.web.session.DisableEncodeUrlFilter.doFilterInternal(DisableEncodeUrlFilter.java:42) ~[spring-security-web-6.4.5.jar:6.4.5]
	at org.springframework.web.filter.OncePerRequestFilter.doFilter(OncePerRequestFilter.java:116) ~[spring-web-6.2.6.jar:6.2.6]
	at org.springframework.security.web.FilterChainProxy$VirtualFilterChain.doFilter(FilterChainProxy.java:374) ~[spring-security-web-6.4.5.jar:6.4.5]
	at org.springframework.security.web.FilterChainProxy.doFilterInternal(FilterChainProxy.java:233) ~[spring-security-web-6.4.5.jar:6.4.5]
	at org.springframework.security.web.FilterChainProxy.doFilter(FilterChainProxy.java:191) ~[spring-security-web-6.4.5.jar:6.4.5]
	at org.springframework.web.filter.CompositeFilter$VirtualFilterChain.doFilter(CompositeFilter.java:113) ~[spring-web-6.2.6.jar:6.2.6]
	at org.springframework.web.servlet.handler.HandlerMappingIntrospector.lambda$createCacheFilter$3(HandlerMappingIntrospector.java:243) ~[spring-webmvc-6.2.6.jar:6.2.6]
	at org.springframework.web.filter.CompositeFilter$VirtualFilterChain.doFilter(CompositeFilter.java:113) ~[spring-web-6.2.6.jar:6.2.6]
	at org.springframework.web.filter.CompositeFilter.doFilter(CompositeFilter.java:74) ~[spring-web-6.2.6.jar:6.2.6]
	at org.springframework.security.config.annotation.web.configuration.WebMvcSecurityConfiguration$CompositeFilterChainProxy.doFilter(WebMvcSecurityConfiguration.java:238) ~[spring-security-config-6.4.5.jar:6.4.5]
	at org.springframework.web.filter.DelegatingFilterProxy.invokeDelegate(DelegatingFilterProxy.java:362) ~[spring-web-6.2.6.jar:6.2.6]
	at org.springframework.web.filter.DelegatingFilterProxy.doFilter(DelegatingFilterProxy.java:278) ~[spring-web-6.2.6.jar:6.2.6]
	at org.apache.catalina.core.ApplicationFilterChain.internalDoFilter(ApplicationFilterChain.java:164) ~[tomcat-embed-core-10.1.40.jar:10.1.40]
	at org.apache.catalina.core.ApplicationFilterChain.doFilter(ApplicationFilterChain.java:140) ~[tomcat-embed-core-10.1.40.jar:10.1.40]
	at org.springframework.web.filter.RequestContextFilter.doFilterInternal(RequestContextFilter.java:100) ~[spring-web-6.2.6.jar:6.2.6]
	at org.springframework.web.filter.OncePerRequestFilter.doFilter(OncePerRequestFilter.java:116) ~[spring-web-6.2.6.jar:6.2.6]
	at org.apache.catalina.core.ApplicationFilterChain.internalDoFilter(ApplicationFilterChain.java:164) ~[tomcat-embed-core-10.1.40.jar:10.1.40]
	at org.apache.catalina.core.ApplicationFilterChain.doFilter(ApplicationFilterChain.java:140) ~[tomcat-embed-core-10.1.40.jar:10.1.40]
	at org.springframework.web.filter.FormContentFilter.doFilterInternal(FormContentFilter.java:93) ~[spring-web-6.2.6.jar:6.2.6]
	at org.springframework.web.filter.OncePerRequestFilter.doFilter(OncePerRequestFilter.java:116) ~[spring-web-6.2.6.jar:6.2.6]
	at org.apache.catalina.core.ApplicationFilterChain.internalDoFilter(ApplicationFilterChain.java:164) ~[tomcat-embed-core-10.1.40.jar:10.1.40]
	at org.apache.catalina.core.ApplicationFilterChain.doFilter(ApplicationFilterChain.java:140) ~[tomcat-embed-core-10.1.40.jar:10.1.40]
	at org.springframework.web.filter.CharacterEncodingFilter.doFilterInternal(CharacterEncodingFilter.java:201) ~[spring-web-6.2.6.jar:6.2.6]
	at org.springframework.web.filter.OncePerRequestFilter.doFilter(OncePerRequestFilter.java:116) ~[spring-web-6.2.6.jar:6.2.6]
	at org.apache.catalina.core.ApplicationFilterChain.internalDoFilter(ApplicationFilterChain.java:164) ~[tomcat-embed-core-10.1.40.jar:10.1.40]
	at org.apache.catalina.core.ApplicationFilterChain.doFilter(ApplicationFilterChain.java:140) ~[tomcat-embed-core-10.1.40.jar:10.1.40]
	at org.apache.catalina.core.StandardWrapperValve.invoke(StandardWrapperValve.java:167) ~[tomcat-embed-core-10.1.40.jar:10.1.40]
	at org.apache.catalina.core.StandardContextValve.invoke(StandardContextValve.java:90) ~[tomcat-embed-core-10.1.40.jar:10.1.40]
	at org.apache.catalina.authenticator.AuthenticatorBase.invoke(AuthenticatorBase.java:483) ~[tomcat-embed-core-10.1.40.jar:10.1.40]
	at org.apache.catalina.core.StandardHostValve.invoke(StandardHostValve.java:116) ~[tomcat-embed-core-10.1.40.jar:10.1.40]
	at org.apache.catalina.valves.ErrorReportValve.invoke(ErrorReportValve.java:93) ~[tomcat-embed-core-10.1.40.jar:10.1.40]
	at org.apache.catalina.core.StandardEngineValve.invoke(StandardEngineValve.java:74) ~[tomcat-embed-core-10.1.40.jar:10.1.40]
	at org.apache.catalina.connector.CoyoteAdapter.service(CoyoteAdapter.java:344) ~[tomcat-embed-core-10.1.40.jar:10.1.40]
	at org.apache.coyote.http11.Http11Processor.service(Http11Processor.java:398) ~[tomcat-embed-core-10.1.40.jar:10.1.40]
	at org.apache.coyote.AbstractProcessorLight.process(AbstractProcessorLight.java:63) ~[tomcat-embed-core-10.1.40.jar:10.1.40]
	at org.apache.coyote.AbstractProtocol$ConnectionHandler.process(AbstractProtocol.java:903) ~[tomcat-embed-core-10.1.40.jar:10.1.40]
	at org.apache.tomcat.util.net.NioEndpoint$SocketProcessor.doRun(NioEndpoint.java:1740) ~[tomcat-embed-core-10.1.40.jar:10.1.40]
	at org.apache.tomcat.util.net.SocketProcessorBase.run(SocketProcessorBase.java:52) ~[tomcat-embed-core-10.1.40.jar:10.1.40]
	at org.apache.tomcat.util.threads.ThreadPoolExecutor.runWorker(ThreadPoolExecutor.java:1189) ~[tomcat-embed-core-10.1.40.jar:10.1.40]
	at org.apache.tomcat.util.threads.ThreadPoolExecutor$Worker.run(ThreadPoolExecutor.java:658) ~[tomcat-embed-core-10.1.40.jar:10.1.40]
	at org.apache.tomcat.util.threads.TaskThread$WrappingRunnable.run(TaskThread.java:63) ~[tomcat-embed-core-10.1.40.jar:10.1.40]
	at java.base/java.lang.Thread.run(Thread.java:1583) ~[na:na]

2026-05-26T22:56:49.676+05:30  INFO 20088 --- [library-system] [main] c.l.l.LibrarySystemApplication           : Starting LibrarySystemApplication using Java 21.0.6 with PID 20088 (D:\Projects\LMS\lms-library\target\classes started by Mohamed Mubeen in D:\Projects\LMS\lms-library)
2026-05-26T22:56:49.680+05:30  INFO 20088 --- [library-system] [main] c.l.l.LibrarySystemApplication           : No active profile set, falling back to 1 default profile: "default"
2026-05-26T22:56:50.841+05:30  INFO 20088 --- [library-system] [main] .s.d.r.c.RepositoryConfigurationDelegate : Bootstrapping Spring Data JPA repositories in DEFAULT mode.
2026-05-26T22:56:50.927+05:30  INFO 20088 --- [library-system] [main] .s.d.r.c.RepositoryConfigurationDelegate : Finished Spring Data repository scanning in 72 ms. Found 2 JPA repository interfaces.
2026-05-26T22:56:51.708+05:30  INFO 20088 --- [library-system] [main] o.s.b.w.embedded.tomcat.TomcatWebServer  : Tomcat initialized with port 9999 (http)
2026-05-26T22:56:51.735+05:30  INFO 20088 --- [library-system] [main] o.apache.catalina.core.StandardService   : Starting service [Tomcat]
2026-05-26T22:56:51.736+05:30  INFO 20088 --- [library-system] [main] o.apache.catalina.core.StandardEngine    : Starting Servlet engine: [Apache Tomcat/10.1.40]
2026-05-26T22:56:51.825+05:30  INFO 20088 --- [library-system] [main] o.a.c.c.C.[Tomcat].[localhost].[/]       : Initializing Spring embedded WebApplicationContext
2026-05-26T22:56:51.827+05:30  INFO 20088 --- [library-system] [main] w.s.c.ServletWebServerApplicationContext : Root WebApplicationContext: initialization completed in 2080 ms
2026-05-26T22:56:52.052+05:30  INFO 20088 --- [library-system] [main] o.hibernate.jpa.internal.util.LogHelper  : HHH000204: Processing PersistenceUnitInfo [name: default]
2026-05-26T22:56:52.123+05:30  INFO 20088 --- [library-system] [main] org.hibernate.Version                    : HHH000412: Hibernate ORM core version 6.6.13.Final
2026-05-26T22:56:52.173+05:30  INFO 20088 --- [library-system] [main] o.h.c.internal.RegionFactoryInitiator    : HHH000026: Second-level cache disabled
2026-05-26T22:56:52.541+05:30  INFO 20088 --- [library-system] [main] o.s.o.j.p.SpringPersistenceUnitInfo      : No LoadTimeWeaver setup: ignoring JPA class transformer
2026-05-26T22:56:52.573+05:30  INFO 20088 --- [library-system] [main] com.zaxxer.hikari.HikariDataSource       : HikariPool-1 - Starting...
2026-05-26T22:56:53.217+05:30  INFO 20088 --- [library-system] [main] com.zaxxer.hikari.pool.HikariPool        : HikariPool-1 - Added connection com.mysql.cj.jdbc.ConnectionImpl@4809c771
2026-05-26T22:56:53.221+05:30  INFO 20088 --- [library-system] [main] com.zaxxer.hikari.HikariDataSource       : HikariPool-1 - Start completed.
2026-05-26T22:56:53.328+05:30  INFO 20088 --- [library-system] [main] org.hibernate.orm.connections.pooling    : HHH10001005: Database info:
	Database JDBC URL [Connecting through datasource 'HikariDataSource (HikariPool-1)']
	Database driver: undefined/unknown
	Database version: 8.0.46
	Autocommit mode: undefined/unknown
	Isolation level: undefined/unknown
	Minimum pool size: undefined/unknown
	Maximum pool size: undefined/unknown
2026-05-26T22:56:54.690+05:30  INFO 20088 --- [library-system] [main] o.h.e.t.j.p.i.JtaPlatformInitiator       : HHH000489: No JTA platform available (set 'hibernate.transaction.jta.platform' to enable JTA platform integration)
2026-05-26T22:56:54.776+05:30  INFO 20088 --- [library-system] [main] j.LocalContainerEntityManagerFactoryBean : Initialized JPA EntityManagerFactory for persistence unit 'default'
2026-05-26T22:56:55.199+05:30  WARN 20088 --- [library-system] [main] JpaBaseConfiguration$JpaWebConfiguration : spring.jpa.open-in-view is enabled by default. Therefore, database queries may be performed during view rendering. Explicitly configure spring.jpa.open-in-view to disable this warning
2026-05-26T22:56:55.235+05:30  WARN 20088 --- [library-system] [main] .s.s.UserDetailsServiceAutoConfiguration : 

Using generated security password: 8d2a4abe-428f-4cee-a37b-91142556724e

This generated password is for development use only. Your security configuration must be updated before running your application in production.

2026-05-26T22:56:55.255+05:30  INFO 20088 --- [library-system] [main] r$InitializeUserDetailsManagerConfigurer : Global AuthenticationManager configured with UserDetailsService bean with name inMemoryUserDetailsManager
2026-05-26T22:56:55.954+05:30  INFO 20088 --- [library-system] [main] o.s.b.w.embedded.tomcat.TomcatWebServer  : Tomcat started on port 9999 (http) with context path '/'
2026-05-26T22:56:55.972+05:30  INFO 20088 --- [library-system] [main] c.l.l.LibrarySystemApplication           : Started LibrarySystemApplication in 7.075 seconds (process running for 7.567)
2026-05-26T22:57:00.774+05:30  INFO 20088 --- [library-system] [http-nio-9999-exec-2] o.a.c.c.C.[Tomcat].[localhost].[/]       : Initializing Spring DispatcherServlet 'dispatcherServlet'
2026-05-26T22:57:00.775+05:30  INFO 20088 --- [library-system] [http-nio-9999-exec-2] o.s.web.servlet.DispatcherServlet        : Initializing Servlet 'dispatcherServlet'
2026-05-26T22:57:00.780+05:30  INFO 20088 --- [library-system] [http-nio-9999-exec-2] o.s.web.servlet.DispatcherServlet        : Completed initialization in 5 ms
2026-05-26T23:09:03.255+05:30  INFO 13976 --- [library-system] [main] c.l.l.LibrarySystemApplication           : Starting LibrarySystemApplication using Java 21.0.6 with PID 13976 (D:\Projects\LMS\lms-library\target\classes started by Mohamed Mubeen in D:\Projects\LMS\lms-library)
2026-05-26T23:09:03.267+05:30  INFO 13976 --- [library-system] [main] c.l.l.LibrarySystemApplication           : No active profile set, falling back to 1 default profile: "default"
2026-05-26T23:09:04.560+05:30  INFO 13976 --- [library-system] [main] .s.d.r.c.RepositoryConfigurationDelegate : Bootstrapping Spring Data JPA repositories in DEFAULT mode.
2026-05-26T23:09:04.648+05:30  INFO 13976 --- [library-system] [main] .s.d.r.c.RepositoryConfigurationDelegate : Finished Spring Data repository scanning in 73 ms. Found 2 JPA repository interfaces.
2026-05-26T23:09:05.504+05:30  INFO 13976 --- [library-system] [main] o.s.b.w.embedded.tomcat.TomcatWebServer  : Tomcat initialized with port 9999 (http)
2026-05-26T23:09:05.527+05:30  INFO 13976 --- [library-system] [main] o.apache.catalina.core.StandardService   : Starting service [Tomcat]
2026-05-26T23:09:05.527+05:30  INFO 13976 --- [library-system] [main] o.apache.catalina.core.StandardEngine    : Starting Servlet engine: [Apache Tomcat/10.1.40]
2026-05-26T23:09:05.667+05:30  INFO 13976 --- [library-system] [main] o.a.c.c.C.[Tomcat].[localhost].[/]       : Initializing Spring embedded WebApplicationContext
2026-05-26T23:09:05.668+05:30  INFO 13976 --- [library-system] [main] w.s.c.ServletWebServerApplicationContext : Root WebApplicationContext: initialization completed in 2290 ms
2026-05-26T23:09:05.902+05:30  INFO 13976 --- [library-system] [main] o.hibernate.jpa.internal.util.LogHelper  : HHH000204: Processing PersistenceUnitInfo [name: default]
2026-05-26T23:09:05.972+05:30  INFO 13976 --- [library-system] [main] org.hibernate.Version                    : HHH000412: Hibernate ORM core version 6.6.13.Final
2026-05-26T23:09:06.028+05:30  INFO 13976 --- [library-system] [main] o.h.c.internal.RegionFactoryInitiator    : HHH000026: Second-level cache disabled
2026-05-26T23:09:06.474+05:30  INFO 13976 --- [library-system] [main] o.s.o.j.p.SpringPersistenceUnitInfo      : No LoadTimeWeaver setup: ignoring JPA class transformer
2026-05-26T23:09:06.520+05:30  INFO 13976 --- [library-system] [main] com.zaxxer.hikari.HikariDataSource       : HikariPool-1 - Starting...
2026-05-26T23:09:07.085+05:30  INFO 13976 --- [library-system] [main] com.zaxxer.hikari.pool.HikariPool        : HikariPool-1 - Added connection com.mysql.cj.jdbc.ConnectionImpl@4809c771
2026-05-26T23:09:07.088+05:30  INFO 13976 --- [library-system] [main] com.zaxxer.hikari.HikariDataSource       : HikariPool-1 - Start completed.
2026-05-26T23:09:07.202+05:30  INFO 13976 --- [library-system] [main] org.hibernate.orm.connections.pooling    : HHH10001005: Database info:
	Database JDBC URL [Connecting through datasource 'HikariDataSource (HikariPool-1)']
	Database driver: undefined/unknown
	Database version: 8.0.46
	Autocommit mode: undefined/unknown
	Isolation level: undefined/unknown
	Minimum pool size: undefined/unknown
	Maximum pool size: undefined/unknown
2026-05-26T23:09:08.557+05:30  INFO 13976 --- [library-system] [main] o.h.e.t.j.p.i.JtaPlatformInitiator       : HHH000489: No JTA platform available (set 'hibernate.transaction.jta.platform' to enable JTA platform integration)
2026-05-26T23:09:08.657+05:30  INFO 13976 --- [library-system] [main] j.LocalContainerEntityManagerFactoryBean : Initialized JPA EntityManagerFactory for persistence unit 'default'
2026-05-26T23:09:09.041+05:30  WARN 13976 --- [library-system] [main] JpaBaseConfiguration$JpaWebConfiguration : spring.jpa.open-in-view is enabled by default. Therefore, database queries may be performed during view rendering. Explicitly configure spring.jpa.open-in-view to disable this warning
2026-05-26T23:09:09.072+05:30  WARN 13976 --- [library-system] [main] .s.s.UserDetailsServiceAutoConfiguration : 

Using generated security password: 84d2ba04-9f2f-4deb-ad4e-2c184e9a2f09

This generated password is for development use only. Your security configuration must be updated before running your application in production.

2026-05-26T23:09:09.105+05:30  INFO 13976 --- [library-system] [main] r$InitializeUserDetailsManagerConfigurer : Global AuthenticationManager configured with UserDetailsService bean with name inMemoryUserDetailsManager
2026-05-26T23:09:09.783+05:30  INFO 13976 --- [library-system] [main] o.s.b.w.embedded.tomcat.TomcatWebServer  : Tomcat started on port 9999 (http) with context path '/'
2026-05-26T23:09:09.798+05:30  INFO 13976 --- [library-system] [main] c.l.l.LibrarySystemApplication           : Started LibrarySystemApplication in 7.354 seconds (process running for 7.896)
2026-05-26T23:09:18.453+05:30  INFO 13976 --- [library-system] [http-nio-9999-exec-1] o.a.c.c.C.[Tomcat].[localhost].[/]       : Initializing Spring DispatcherServlet 'dispatcherServlet'
2026-05-26T23:09:18.453+05:30  INFO 13976 --- [library-system] [http-nio-9999-exec-1] o.s.web.servlet.DispatcherServlet        : Initializing Servlet 'dispatcherServlet'
2026-05-26T23:09:18.461+05:30  INFO 13976 --- [library-system] [http-nio-9999-exec-1] o.s.web.servlet.DispatcherServlet        : Completed initialization in 6 ms
2026-05-26T23:09:32.501+05:30  WARN 13976 --- [library-system] [http-nio-9999-exec-3] c.l.l.controller.AuthController          : Invalid user credentials
2026-05-26T23:11:47.921+05:30  INFO 3652 --- [library-system] [main] c.l.l.LibrarySystemApplication           : Starting LibrarySystemApplication using Java 21.0.6 with PID 3652 (D:\Projects\LMS\lms-library\target\classes started by Mohamed Mubeen in D:\Projects\LMS\lms-library)
2026-05-26T23:11:47.928+05:30  INFO 3652 --- [library-system] [main] c.l.l.LibrarySystemApplication           : No active profile set, falling back to 1 default profile: "default"
2026-05-26T23:11:49.096+05:30  INFO 3652 --- [library-system] [main] .s.d.r.c.RepositoryConfigurationDelegate : Bootstrapping Spring Data JPA repositories in DEFAULT mode.
2026-05-26T23:11:49.187+05:30  INFO 3652 --- [library-system] [main] .s.d.r.c.RepositoryConfigurationDelegate : Finished Spring Data repository scanning in 75 ms. Found 2 JPA repository interfaces.
2026-05-26T23:11:49.959+05:30  INFO 3652 --- [library-system] [main] o.s.b.w.embedded.tomcat.TomcatWebServer  : Tomcat initialized with port 9999 (http)
2026-05-26T23:11:49.989+05:30  INFO 3652 --- [library-system] [main] o.apache.catalina.core.StandardService   : Starting service [Tomcat]
2026-05-26T23:11:49.990+05:30  INFO 3652 --- [library-system] [main] o.apache.catalina.core.StandardEngine    : Starting Servlet engine: [Apache Tomcat/10.1.40]
2026-05-26T23:11:50.073+05:30  INFO 3652 --- [library-system] [main] o.a.c.c.C.[Tomcat].[localhost].[/]       : Initializing Spring embedded WebApplicationContext
2026-05-26T23:11:50.074+05:30  INFO 3652 --- [library-system] [main] w.s.c.ServletWebServerApplicationContext : Root WebApplicationContext: initialization completed in 2077 ms
2026-05-26T23:11:50.351+05:30  INFO 3652 --- [library-system] [main] o.hibernate.jpa.internal.util.LogHelper  : HHH000204: Processing PersistenceUnitInfo [name: default]
2026-05-26T23:11:50.425+05:30  INFO 3652 --- [library-system] [main] org.hibernate.Version                    : HHH000412: Hibernate ORM core version 6.6.13.Final
2026-05-26T23:11:50.477+05:30  INFO 3652 --- [library-system] [main] o.h.c.internal.RegionFactoryInitiator    : HHH000026: Second-level cache disabled
2026-05-26T23:11:50.862+05:30  INFO 3652 --- [library-system] [main] o.s.o.j.p.SpringPersistenceUnitInfo      : No LoadTimeWeaver setup: ignoring JPA class transformer
2026-05-26T23:11:50.903+05:30  INFO 3652 --- [library-system] [main] com.zaxxer.hikari.HikariDataSource       : HikariPool-1 - Starting...
2026-05-26T23:11:51.408+05:30  INFO 3652 --- [library-system] [main] com.zaxxer.hikari.pool.HikariPool        : HikariPool-1 - Added connection com.mysql.cj.jdbc.ConnectionImpl@214fba74
2026-05-26T23:11:51.412+05:30  INFO 3652 --- [library-system] [main] com.zaxxer.hikari.HikariDataSource       : HikariPool-1 - Start completed.
2026-05-26T23:11:51.504+05:30  INFO 3652 --- [library-system] [main] org.hibernate.orm.connections.pooling    : HHH10001005: Database info:
	Database JDBC URL [Connecting through datasource 'HikariDataSource (HikariPool-1)']
	Database driver: undefined/unknown
	Database version: 8.0.46
	Autocommit mode: undefined/unknown
	Isolation level: undefined/unknown
	Minimum pool size: undefined/unknown
	Maximum pool size: undefined/unknown
2026-05-26T23:11:52.834+05:30  INFO 3652 --- [library-system] [main] o.h.e.t.j.p.i.JtaPlatformInitiator       : HHH000489: No JTA platform available (set 'hibernate.transaction.jta.platform' to enable JTA platform integration)
2026-05-26T23:11:52.963+05:30  INFO 3652 --- [library-system] [main] j.LocalContainerEntityManagerFactoryBean : Initialized JPA EntityManagerFactory for persistence unit 'default'
2026-05-26T23:11:53.412+05:30  WARN 3652 --- [library-system] [main] JpaBaseConfiguration$JpaWebConfiguration : spring.jpa.open-in-view is enabled by default. Therefore, database queries may be performed during view rendering. Explicitly configure spring.jpa.open-in-view to disable this warning
2026-05-26T23:11:53.440+05:30  WARN 3652 --- [library-system] [main] .s.s.UserDetailsServiceAutoConfiguration : 

Using generated security password: 8df1e095-29dc-4e37-8918-551800caacc5

This generated password is for development use only. Your security configuration must be updated before running your application in production.

2026-05-26T23:11:53.467+05:30  INFO 3652 --- [library-system] [main] r$InitializeUserDetailsManagerConfigurer : Global AuthenticationManager configured with UserDetailsService bean with name inMemoryUserDetailsManager
2026-05-26T23:11:54.192+05:30  INFO 3652 --- [library-system] [main] o.s.b.w.embedded.tomcat.TomcatWebServer  : Tomcat started on port 9999 (http) with context path '/'
2026-05-26T23:11:54.207+05:30  INFO 3652 --- [library-system] [main] c.l.l.LibrarySystemApplication           : Started LibrarySystemApplication in 6.943 seconds (process running for 7.411)
2026-05-26T23:12:01.258+05:30  INFO 3652 --- [library-system] [http-nio-9999-exec-3] o.a.c.c.C.[Tomcat].[localhost].[/]       : Initializing Spring DispatcherServlet 'dispatcherServlet'
2026-05-26T23:12:01.258+05:30  INFO 3652 --- [library-system] [http-nio-9999-exec-3] o.s.web.servlet.DispatcherServlet        : Initializing Servlet 'dispatcherServlet'
2026-05-26T23:12:01.261+05:30  INFO 3652 --- [library-system] [http-nio-9999-exec-3] o.s.web.servlet.DispatcherServlet        : Completed initialization in 3 ms
2026-05-26T23:12:01.535+05:30  WARN 3652 --- [library-system] [http-nio-9999-exec-3] c.l.l.controller.AuthController          : Invalid user credentials
2026-05-26T23:12:47.609+05:30  WARN 3652 --- [library-system] [http-nio-9999-exec-4] c.l.l.controller.AuthController          : Invalid user credentials
